Actual_RUL,Predicted_RUL,Error
125.0,118.08687,6.9131317
2.0,8.359775,-6.3597746
125.0,123.05805,1.9419479
0.0,2.890751,-2.890751
125.0,117.86249,7.137512
70.0,113.528755,-43.528755
87.0,114.31444,-27.314438
87.0,72.71684,14.283157
73.0,91.814835,-18.814835
77.0,118.50033,-41.500328
96.0,108.423706,-12.423706
106.0,98.208206,7.791794
40.0,39.16989,0.83010864
125.0,66.4497,58.5503
125.0,115.74815,9.251846
125.0,119.12912,5.87088
125.0,123.12852,1.8714828
116.0,120.64076,-4.6407623
125.0,79.485916,45.514084
117.0,75.197754,41.802246
125.0,123.66898,1.3310165
98.0,109.04443,-11.044434
125.0,116.53621,8.463791
107.0,119.29139,-12.291389
38.0,35.376198,2.6238022
44.0,53.195618,-9.195618
124.0,109.70196,14.298042
125.0,125.0623,-0.062301636
125.0,102.03053,22.969467
18.0,26.935171,-8.935171
92.0,73.50024,18.499763
34.0,33.228336,0.77166367
56.0,55.87951,0.12049103
125.0,112.8629,12.1371
125.0,116.28623,8.713768
125.0,114.391464,10.608536
10.0,11.512488,-1.5124884
33.0,41.907455,-8.907455
125.0,124.05281,0.94718933
29.0,32.036102,-3.0361023
76.0,53.68101,22.318989
125.0,75.11445,49.88555
110.0,118.964745,-8.964745
93.0,108.00254,-15.002541
62.0,104.326035,-42.326035
11.0,17.799177,-6.799177
125.0,112.552505,12.4474945
56.0,83.17557,-27.175568
40.0,31.41167,8.588329
69.0,60.44259,8.557411
125.0,104.84138,20.158623
100.0,117.9844,-17.984398
125.0,117.285965,7.714035
77.0,106.96042,-29.960419
21.0,31.935242,-10.935242
125.0,118.32534,6.6746597
125.0,121.57849,3.4215088
44.0,31.334087,12.665913
125.0,117.77043,7.2295685
111.0,119.25988,-8.25988
125.0,117.76522,7.2347794
125.0,116.33787,8.662132
28.0,30.289398,-2.2893982
125.0,108.10172,16.898277
108.0,108.06139,-0.061393738
25.0,32.205505,-7.2055054
53.0,60.561382,-7.5613823
113.0,118.48227,-5.4822693
125.0,111.76981,13.230186
125.0,124.66669,0.333313
87.0,105.581505,-18.581505
125.0,117.352264,7.6477356
125.0,122.84429,2.1557083
84.0,102.98894,-18.988937
125.0,116.9859,8.014099
125.0,106.61681,18.383186
125.0,122.51411,2.4858932
72.0,91.95871,-19.95871
61.0,65.55435,-4.554352
94.0,111.15764,-17.157639
125.0,110.4234,14.576599
125.0,116.41455,8.585449
40.0,37.73693,2.2630692
84.0,107.6754,-23.6754
125.0,122.493454,2.506546
82.0,49.562447,32.437553
125.0,124.33364,0.66635895
21.0,26.62041,-5.620411
2.0,1.41678,0.58322
34.0,32.81241,1.1875916
90.0,109.94028,-19.940277
49.0,87.19225,-38.192253
122.0,108.676285,13.323715
119.0,111.74267,7.257332
125.0,116.3208,8.679199
125.0,113.703674,11.296326
125.0,124.19566,0.80433655
28.0,36.57831,-8.578308
109.0,115.76551,-6.7655106
60.0,108.24957,-48.249573
63.0,40.749493,22.250507
12.0,16.999826,-4.9998264
125.0,122.4097,2.5903015
125.0,125.009384,-0.009384155
27.0,24.474691,2.5253086
125.0,78.650276,46.349724
105.0,102.532776,2.4672241
108.0,116.17586,-8.175858
102.0,115.635994,-13.635994
125.0,79.6093,45.3907
109.0,117.79346,-8.793457
86.0,106.635796,-20.635796
27.0,29.386047,-2.3860474
125.0,120.446266,4.553734
121.0,123.858025,-2.8580246
119.0,98.79303,20.20697
99.0,64.18946,34.81054
122.0,123.423935,-1.4239349
118.0,92.61183,25.388168
125.0,122.59532,2.4046783
13.0,10.874733,2.125267
58.0,60.17391,-2.1739082
59.0,55.387794,3.6122055
70.0,112.99026,-42.990257
125.0,115.496376,9.503624
78.0,103.5423,-25.542297
84.0,106.69401,-22.694008
125.0,114.2066,10.793404
85.0,67.43103,17.56897
125.0,118.348976,6.651024
125.0,111.6817,13.318298
40.0,46.514027,-6.5140266
125.0,118.04554,6.95446
49.0,117.71326,-68.71326
37.0,63.590675,-26.590675
125.0,124.422806,0.5771942
113.0,98.32631,14.673691
125.0,94.5259,30.474098
77.0,71.76511,5.234894
73.0,86.440025,-13.440025
33.0,52.230183,-19.230183
33.0,49.581326,-16.581326
125.0,125.12502,-0.12502289
125.0,121.56907,3.430931
125.0,113.1786,11.8214035
62.0,66.42564,-4.4256363
125.0,123.47647,1.523529
26.0,28.04419,-2.0441895
125.0,123.721794,1.2782059
95.0,103.617744,-8.617744
125.0,126.222534,-1.2225342
18.0,20.33446,-2.3344593
105.0,113.509315,-8.5093155
125.0,114.57799,10.422012
125.0,126.39597,-1.3959732
102.0,113.54861,-11.548607
17.0,17.376091,-0.376091
2.0,6.643124,-4.643124
17.0,27.906687,-10.906687
59.0,72.58749,-13.587486
57.0,52.338154,4.661846
38.0,39.60772,-1.6077194
125.0,115.53343,9.466568
32.0,35.926266,-3.9262657
110.0,110.71554,-0.715538
102.0,123.44278,-21.44278
20.0,14.527112,5.472888
70.0,102.02448,-32.024483
50.0,63.799435,-13.799435
125.0,95.28773,29.712273
125.0,115.57293,9.427071
99.0,109.90022,-10.900223
117.0,104.960175,12.039825
26.0,47.054043,-21.054043
125.0,120.37718,4.622818
125.0,119.18624,5.813759
73.0,59.0614,13.938599
7.0,9.516865,-2.5168648
109.0,99.15473,9.845268
91.0,66.17491,24.825089
72.0,72.125244,-0.12524414
39.0,37.48519,1.5148087
11.0,16.481775,-5.4817753
107.0,107.553276,-0.55327606
51.0,73.467094,-22.467094
125.0,114.77669,10.223312
6.0,10.045245,-4.045245
125.0,124.4283,0.57170105
34.0,37.840504,-3.8405037
125.0,105.8172,19.1828
52.0,66.28301,-14.283012
12.0,23.039856,-11.039856
86.0,110.42862,-24.42862
125.0,123.49759,1.5024109
38.0,97.82702,-59.82702
77.0,118.26736,-41.267357
88.0,93.46201,-5.4620132
7.0,10.612234,-3.612234
125.0,125.887276,-0.8872757
125.0,119.7003,5.299698
92.0,112.38701,-20.387009
91.0,83.60118,7.398819
125.0,119.26641,5.733589
125.0,125.31374,-0.3137436
125.0,124.96042,0.0395813
125.0,108.28258,16.717422
125.0,124.48176,0.5182419
10.0,13.205081,-3.205081
125.0,123.29721,1.7027893
86.0,120.382774,-34.382774
57.0,75.83696,-18.83696
125.0,118.19623,6.803772
41.0,66.654945,-25.654945
93.0,77.336876,15.663124
125.0,124.46371,0.536293
8.0,18.668362,-10.668362
125.0,124.816475,0.18352509
109.0,119.26307,-10.263069
91.0,84.66759,6.3324127
80.0,96.55385,-16.553848
125.0,107.086754,17.913246
125.0,113.77098,11.229019
125.0,126.197174,-1.1971741
125.0,111.80974,13.190262
125.0,115.49043,9.509567
125.0,115.27873,9.721268
125.0,125.67693,-0.6769333
9.0,19.612457,-10.612457
108.0,99.03387,8.966133
102.0,79.71826,22.281738
125.0,124.76365,0.23635101
125.0,124.05656,0.9434433
59.0,34.873642,24.126358
125.0,111.4335,13.566498
34.0,45.672447,-11.672447
98.0,73.680466,24.319534
125.0,124.23325,0.7667465
125.0,116.260506,8.739494
81.0,96.973335,-15.973335
99.0,119.665054,-20.665054
5.0,14.185417,-9.185417
125.0,120.59489,4.405113
111.0,103.41583,7.5841675
125.0,113.89607,11.103928
90.0,113.90295,-23.902946
66.0,94.19237,-28.192368
125.0,124.97942,0.020576477
125.0,76.25059,48.749413
76.0,92.891335,-16.891335
77.0,93.3493,-16.349297
125.0,105.572624,19.427376
94.0,120.142296,-26.142296
79.0,52.112484,26.887516
62.0,91.38165,-29.381653
77.0,111.96507,-34.965073
125.0,109.58981,15.410187
18.0,15.006486,2.993514
125.0,113.328064,11.671936
101.0,120.071304,-19.071304
66.0,110.00349,-44.003487
125.0,109.2015,15.7985
125.0,124.78199,0.21800995
125.0,113.50723,11.492767
125.0,102.39221,22.607788
109.0,109.71053,-0.71053314
7.0,7.796396,-0.7963958
125.0,120.02942,4.970581
4.0,8.25442,-4.2544203
125.0,117.947845,7.0521545
125.0,123.94224,1.0577621
19.0,29.45409,-10.45409
119.0,114.30093,4.699074
4.0,7.6111035,-3.6111035
5.0,12.631043,-7.6310434
107.0,117.14843,-10.14843
125.0,94.96701,30.03299
52.0,34.5605,17.439499
125.0,119.72633,5.2736664
105.0,119.60856,-14.608559
25.0,23.313038,1.6869621
90.0,119.07304,-29.073036
72.0,109.47144,-37.471443
125.0,118.00091,6.999092
82.0,118.046745,-36.046745
125.0,118.76269,6.2373123
125.0,116.25449,8.745506
47.0,58.033665,-11.033665
48.0,81.47717,-33.477173
86.0,90.873184,-4.873184
45.0,37.075756,7.924244
50.0,86.28282,-36.28282
94.0,70.242775,23.757225
62.0,111.104996,-49.104996
33.0,32.238655,0.7613449
34.0,83.87161,-49.871613
125.0,87.63139,37.368607
125.0,123.31488,1.6851196
5.0,14.167215,-9.167215
117.0,113.22264,3.777359
4.0,6.665219,-2.6652188
125.0,118.212776,6.787224
102.0,96.11169,5.8883133
40.0,68.40287,-28.40287
125.0,124.442665,0.5573349
56.0,34.53186,21.46814
125.0,115.15553,9.844467
64.0,104.62616,-40.62616
28.0,24.184864,3.815136
125.0,116.07689,8.923111
125.0,123.922195,1.0778046
125.0,124.67813,0.3218689
101.0,87.97047,13.029533
70.0,115.12605,-45.126053
67.0,91.75598,-24.755981
22.0,21.944561,0.055438995
115.0,106.44428,8.555717
125.0,110.94827,14.051727
65.0,109.58017,-44.58017
31.0,22.25573,8.74427
125.0,123.31723,1.6827698
21.0,23.572327,-2.5723267
125.0,118.932976,6.067024
91.0,102.78225,-11.782249
86.0,113.52692,-27.526917
18.0,32.263737,-14.263737
103.0,94.524475,8.475525
125.0,123.80469,1.1953125
124.0,118.238365,5.761635
125.0,99.88622,25.113777
125.0,117.69578,7.304222
125.0,122.84197,2.1580276
100.0,98.8628,1.1371994
9.0,15.174922,-6.174922
5.0,9.866961,-4.8669605
125.0,117.79482,7.2051773
125.0,118.00116,6.9988403
125.0,117.286446,7.7135544
100.0,121.17518,-21.175179
72.0,55.64226,16.357738
125.0,103.07151,21.92849
63.0,81.41165,-18.411652
125.0,114.71723,10.282768
101.0,113.15611,-12.156113
125.0,118.662704,6.3372955
60.0,114.12492,-54.124924
19.0,21.388796,-2.3887959
120.0,118.0668,1.933197
93.0,107.04597,-14.045967
120.0,121.98125,-1.981247
67.0,92.3082,-25.308197
19.0,36.42928,-17.42928
24.0,23.943295,0.056705475
125.0,117.84533,7.1546707
125.0,114.1687,10.831299
81.0,80.517365,0.4826355
105.0,107.73144,-2.7314377
46.0,31.91022,14.089781
125.0,114.999695,10.000305
1.0,7.3821917,-6.3821917
125.0,98.39359,26.606407
125.0,94.67291,30.327087
125.0,120.50242,4.4975815
27.0,23.66598,3.3340206
107.0,108.18598,-1.1859818
125.0,123.28235,1.7176514
94.0,117.54497,-23.544968
119.0,108.13885,10.861153
95.0,59.271324,35.728676
73.0,85.14925,-12.149246
125.0,116.95391,8.046089
41.0,43.919376,-2.9193764
125.0,109.35313,15.646873
119.0,117.7532,1.2468033
100.0,116.52347,-16.523468
125.0,115.32164,9.67836
122.0,102.39985,19.600151
125.0,120.59515,4.404846
125.0,124.31103,0.6889725
125.0,117.99625,7.0037537
107.0,116.25783,-9.257828
123.0,113.78714,9.21286
125.0,113.51751,11.482491
125.0,119.80212,5.1978836
125.0,114.80175,10.19825
63.0,54.418915,8.581085
24.0,27.565992,-3.5659924
121.0,113.6741,7.325897
125.0,115.50692,9.49308
125.0,116.29267,8.707329
125.0,107.63921,17.360786
24.0,27.89379,-3.8937893
125.0,121.761475,3.2385254
125.0,124.57014,0.42986298
125.0,121.94447,3.0555267
4.0,12.417022,-8.417022
120.0,124.41278,-4.412781
108.0,117.43699,-9.436989
125.0,74.28627,50.71373
104.0,109.4198,-5.4198
85.0,109.245094,-24.245094
29.0,33.538506,-4.5385056
125.0,109.11222,15.887779
125.0,119.17229,5.827713
3.0,5.289525,-2.289525
125.0,118.58259,6.417412
83.0,82.4296,0.5703964
125.0,124.944984,0.055015564
47.0,54.911102,-7.9111023
104.0,65.5497,38.450302
125.0,114.08202,10.917976
125.0,124.16533,0.834671
102.0,99.98643,2.0135727
63.0,70.539154,-7.539154
125.0,117.072075,7.927925
84.0,104.34761,-20.34761
106.0,71.03248,34.96752
125.0,123.1312,1.8687973
43.0,64.15078,-21.15078
125.0,119.04815,5.951851
41.0,78.25981,-37.25981
104.0,115.854706,-11.854706
7.0,9.294569,-2.294569
77.0,43.164597,33.835403
25.0,29.687447,-4.6874466
125.0,119.55022,5.4497833
42.0,74.88938,-32.88938
102.0,101.49031,0.50968933
2.0,1.63804,0.36196005
125.0,117.7995,7.2005005
31.0,25.468857,5.531143
104.0,119.76025,-15.760246
36.0,34.08359,1.9164085
103.0,105.89239,-2.8923874
18.0,24.966118,-6.966118
72.0,117.409256,-45.409256
105.0,118.18015,-13.180153
84.0,116.20898,-32.208977
95.0,81.560776,13.439224
59.0,80.80357,-21.803574
55.0,36.686028,18.313972
38.0,39.821285,-1.8212852
28.0,40.673992,-12.673992
125.0,117.839806,7.1601944
125.0,112.819275,12.180725
125.0,119.72129,5.2787094
110.0,110.92161,-0.921608
125.0,121.05313,3.946869
41.0,101.196915,-60.196915
4.0,8.656875,-4.6568747
119.0,122.20952,-3.2095184
60.0,49.46871,10.531288
125.0,126.13924,-1.1392365
125.0,116.758224,8.2417755
125.0,76.64052,48.35948
125.0,85.70336,39.29664
125.0,112.587204,12.412796
82.0,111.38992,-29.389923
37.0,51.27051,-14.270512
125.0,121.19543,3.804573
125.0,109.72857,15.271431
125.0,119.67817,5.3218307
76.0,59.799854,16.200146
75.0,85.884926,-10.884926
101.0,96.652565,4.347435
125.0,119.49759,5.502411
125.0,118.02375,6.9762497
125.0,83.72016,41.27984
47.0,77.66707,-30.667068
125.0,125.212845,-0.21284485
18.0,27.060255,-9.060255
69.0,99.97512,-30.97512
123.0,115.587616,7.412384
125.0,109.24883,15.751167
70.0,57.97779,12.022209
29.0,45.202194,-16.202194
117.0,117.17725,-0.17725372
125.0,118.30828,6.691719
74.0,107.15708,-33.15708
114.0,111.45697,2.5430298
125.0,123.924194,1.0758057
16.0,18.966127,-2.9661274
79.0,105.302956,-26.302956
125.0,100.0495,24.9505
78.0,91.426994,-13.426994
125.0,125.31662,-0.31661987
20.0,22.985817,-2.985817
102.0,62.497765,39.502235
29.0,58.429028,-29.429028
36.0,73.938934,-37.938934
90.0,60.548676,29.451324
125.0,125.12237,-0.12236786
124.0,115.91323,8.086769
11.0,15.074089,-4.074089
25.0,32.616196,-7.6161957
80.0,112.838585,-32.838585
125.0,103.015656,21.984344
125.0,120.06023,4.9397736
124.0,103.36602,20.63398
28.0,57.844734,-29.844734
125.0,124.13585,0.864151
11.0,15.351862,-4.351862
125.0,96.43844,28.561562
125.0,114.25639,10.743607
30.0,40.455536,-10.455536
125.0,122.997406,2.002594
58.0,93.66351,-35.663513
63.0,76.79169,-13.791687
125.0,120.89338,4.106621
61.0,82.85752,-21.857521
125.0,101.83361,23.16639
84.0,81.155045,2.8449554
105.0,109.207664,-4.2076645
99.0,79.46589,19.534111
41.0,66.812706,-25.812706
66.0,98.25891,-32.25891
71.0,97.39473,-26.39473
122.0,97.54018,24.459824
59.0,68.02542,-9.025421
108.0,110.52871,-2.5287094
125.0,114.629166,10.370834
4.0,5.6719074,-1.6719074
125.0,122.510666,2.489334
18.0,25.233234,-7.2332344
125.0,122.7238,2.2761993
125.0,125.173676,-0.17367554
49.0,36.707363,12.292637
125.0,125.3109,-0.31089783
1.0,6.9471893,-5.9471893
45.0,45.01158,-0.011581421
125.0,122.78467,2.215332
67.0,73.758766,-6.758766
125.0,124.22235,0.7776489
66.0,49.638134,16.361866
89.0,108.01923,-19.019234
125.0,120.61155,4.3884506
123.0,113.53408,9.4659195
89.0,119.3087,-30.3087
32.0,30.445255,1.5547447
125.0,120.576996,4.423004
125.0,125.14702,-0.14701843
125.0,120.07213,4.9278717
106.0,122.05919,-16.059189
80.0,61.8113,18.188702
85.0,110.4218,-25.421799
105.0,115.79848,-10.798477
125.0,125.30847,-0.30847168
125.0,118.61873,6.3812714
46.0,63.37677,-17.37677
93.0,82.63256,10.367439
51.0,54.054684,-3.0546837
125.0,120.05293,4.9470673
78.0,88.68266,-10.682663
125.0,117.12525,7.874748
125.0,121.67618,3.323822
125.0,99.96828,25.031723
71.0,70.15431,0.84568787
8.0,11.5458555,-3.5458555
38.0,39.258152,-1.258152
125.0,115.70785,9.292152
43.0,77.62153,-34.62153
93.0,108.063126,-15.063126
101.0,79.95622,21.043777
10.0,21.525208,-11.5252075
69.0,86.013885,-17.013885
125.0,125.01019,-0.010192871
125.0,99.7268,25.273201
125.0,123.780174,1.2198257
42.0,55.876774,-13.876774
62.0,51.73955,10.260448
98.0,119.92514,-21.92514
125.0,119.55214,5.4478607
125.0,123.494965,1.5050354
125.0,123.07152,1.928482
125.0,123.436806,1.5631943
90.0,108.9082,-18.908203
125.0,119.5937,5.4063034
125.0,115.25888,9.741119
47.0,48.945778,-1.9457779
71.0,108.16028,-37.16028
125.0,123.48529,1.5147095
65.0,88.875595,-23.875595
110.0,92.79497,17.205032
125.0,123.138504,1.861496
125.0,94.327156,30.672844
9.0,11.333749,-2.3337488
125.0,96.3061,28.693901
6.0,2.8827338,3.1172662
125.0,114.448044,10.551956
117.0,123.10419,-6.104187
95.0,111.8759,-16.8759
125.0,111.00465,13.995354
125.0,125.38441,-0.38440704
121.0,109.39867,11.601334
111.0,112.68111,-1.6811066
125.0,115.06503,9.934967
125.0,100.46227,24.537727
125.0,95.14665,29.853348
125.0,108.354164,16.645836
61.0,59.270424,1.7295761
125.0,127.45804,-2.4580383
46.0,58.690342,-12.690342
69.0,71.42722,-2.4272232
125.0,122.74964,2.2503586
105.0,95.698105,9.301895
77.0,94.92062,-17.920624
99.0,95.568924,3.431076
1.0,2.40355,-1.4035499
125.0,122.697945,2.3020554
40.0,44.897484,-4.897484
121.0,111.79322,9.2067795
125.0,116.76463,8.235367
125.0,119.478775,5.521225
98.0,104.68145,-6.68145
125.0,118.09706,6.902939
125.0,117.30184,7.6981583
125.0,124.76192,0.23808289
17.0,28.144503,-11.144503
125.0,122.11972,2.8802795
125.0,116.198906,8.801094
98.0,105.97616,-7.976158
64.0,53.126865,10.873135
125.0,116.56517,8.43483
125.0,120.68073,4.3192673
15.0,13.295777,1.7042227
11.0,11.576943,-0.5769434
125.0,122.04559,2.9544067
100.0,115.78993,-15.789932
125.0,121.68093,3.319069
118.0,117.44241,0.55758667
125.0,107.52431,17.475693
39.0,23.216467,15.783533
109.0,104.07315,4.9268494
43.0,48.799877,-5.799877
87.0,117.14331,-30.14331
98.0,95.19833,2.8016663
125.0,117.32382,7.676178
77.0,49.771442,27.228558
55.0,109.22204,-54.22204
125.0,113.897545,11.102455
125.0,123.69713,1.3028717
125.0,118.121216,6.878784
52.0,73.4069,-21.406898
26.0,28.760798,-2.7607975
57.0,66.39747,-9.397469
46.0,53.41327,-7.413269
63.0,64.91821,-1.9182129
125.0,111.66416,13.335838
47.0,71.333015,-24.333015
125.0,104.13259,20.867409
16.0,22.30656,-6.3065605
29.0,26.895557,2.1044426
125.0,121.17896,3.8210373
42.0,45.85105,-3.8510513
35.0,44.174236,-9.174236
33.0,41.76346,-8.763458
125.0,100.91374,24.086258
65.0,95.66401,-30.66401
125.0,118.18947,6.8105316
9.0,19.429497,-10.429497
125.0,115.22929,9.770714
50.0,66.55616,-16.55616
125.0,115.51779,9.482208
67.0,111.184456,-44.184456
125.0,116.687874,8.312126
114.0,110.50015,3.4998474
125.0,117.20048,7.7995224
60.0,80.50879,-20.50879
125.0,121.739876,3.2601242
125.0,118.943115,6.056885
125.0,124.76122,0.23877716
17.0,17.299109,-0.2991085
125.0,116.78821,8.211792
125.0,117.58836,7.4116364
19.0,21.509998,-2.5099983
23.0,28.974127,-5.974127
4.0,8.224901,-4.224901
61.0,60.13394,0.86605835
81.0,115.435,-34.434998
38.0,32.680176,5.319824
121.0,116.6446,4.3554
125.0,120.53002,4.4699783
75.0,91.22184,-16.22184
40.0,48.158245,-8.158245
125.0,119.38719,5.612808
125.0,123.29313,1.706871
91.0,119.43358,-28.433578
119.0,102.36262,16.637383
3.0,6.52216,-3.52216
8.0,5.3355284,2.6644716
125.0,89.95372,35.04628
125.0,124.24175,0.7582474
40.0,56.22625,-16.22625
52.0,71.66083,-19.660828
67.0,116.109795,-49.109795
125.0,94.8047,30.195297
125.0,91.94835,33.05165
125.0,72.67097,52.329033
30.0,34.145046,-4.145046
125.0,121.1953,3.8047028
115.0,110.94693,4.05307
60.0,52.500416,7.499584
23.0,23.572535,-0.57253456
8.0,12.28033,-4.2803297
125.0,122.64149,2.3585129
125.0,111.26993,13.730072
56.0,109.808716,-53.808716
25.0,51.3404,-26.3404
94.0,111.09815,-17.098152
125.0,112.07713,12.922867
115.0,97.95381,17.046188
27.0,38.66919,-11.669189
125.0,125.5254,-0.52539825
125.0,110.969604,14.0303955
32.0,38.986538,-6.986538
92.0,109.43531,-17.43531
13.0,14.694597,-1.6945972
82.0,62.017887,19.982113
101.0,107.07245,-6.0724487
89.0,81.423294,7.576706
39.0,37.041367,1.9586334
109.0,121.61315,-12.613152
125.0,120.20236,4.797638
55.0,115.8317,-60.831703
125.0,116.84893,8.15107
125.0,125.05403,-0.054031372
62.0,74.31969,-12.319687
3.0,13.959099,-10.959099
73.0,59.765606,13.234394
67.0,107.360466,-40.360466
125.0,117.382454,7.617546
125.0,125.43894,-0.43894196
125.0,115.20591,9.79409
111.0,104.58094,6.4190598
125.0,124.08228,0.917717
53.0,55.14258,-2.1425781
125.0,107.69262,17.30738
125.0,121.344696,3.655304
125.0,124.92763,0.07237244
19.0,20.468834,-1.4688339
103.0,116.81302,-13.813019
125.0,95.267845,29.732155
43.0,28.070196,14.929804
67.0,47.01668,19.983318
125.0,113.300476,11.699524
91.0,106.55658,-15.55658
125.0,106.669014,18.330986
76.0,107.27699,-31.276993
99.0,112.141365,-13.141365
125.0,94.6244,30.375603
106.0,114.11209,-8.112091
120.0,94.29475,25.705254
32.0,19.070242,12.929758
125.0,109.928055,15.071945
64.0,114.66055,-50.660553
122.0,110.50598,11.494019
125.0,120.76464,4.235359
54.0,40.758533,13.2414665
99.0,92.13516,6.8648376
82.0,109.30494,-27.30494
125.0,122.23005,2.7699509
90.0,118.43163,-28.431633
67.0,62.314518,4.685482
125.0,98.450714,26.549286
125.0,111.7184,13.281601
125.0,119.6658,5.334198
65.0,85.97312,-20.973122
125.0,108.52184,16.478157
125.0,120.18854,4.8114624
125.0,118.06281,6.937187
125.0,115.41046,9.589539
121.0,113.27604,7.723961
118.0,109.86121,8.138786
91.0,111.51878,-20.518784
125.0,112.76682,12.233177
93.0,114.06058,-21.060577
75.0,62.18073,12.819271
50.0,99.03946,-49.03946
125.0,123.64599,1.3540115
97.0,114.950356,-17.950356
109.0,84.217026,24.782974
107.0,102.45712,4.542877
125.0,117.94436,7.055641
1.0,2.5214665,-1.5214665
0.0,1.8852018,-1.8852018
125.0,123.1995,1.800499
102.0,120.471634,-18.471634
125.0,116.8602,8.139801
125.0,114.639626,10.360374
97.0,109.71572,-12.715721
8.0,12.36093,-4.3609304
5.0,9.2388315,-4.2388315
113.0,119.79791,-6.7979126
19.0,35.93838,-16.938381
125.0,93.77053,31.22947
53.0,36.696167,16.303833
53.0,102.288185,-49.288185
23.0,23.04307,-0.04306984
51.0,60.017097,-9.017097
125.0,123.124084,1.8759155
125.0,98.514496,26.485504
54.0,64.314186,-10.314186
111.0,104.04767,6.9523315
107.0,67.29604,39.703957
53.0,111.36977,-58.369766
125.0,119.41288,5.58712
51.0,116.93145,-65.93145
125.0,114.68134,10.318657
40.0,95.6257,-55.6257
86.0,112.040955,-26.040955
21.0,31.77037,-10.7703705
95.0,112.97758,-17.977577
125.0,122.08691,2.9130936
16.0,29.02057,-13.020571
125.0,123.67999,1.3200073
25.0,20.085093,4.9149075
78.0,115.640816,-37.640816
27.0,27.14589,-0.14588928
125.0,86.371735,38.628265
110.0,113.83981,-3.8398132
105.0,95.17422,9.825783
46.0,46.65611,-0.65610886
99.0,117.91923,-18.919228
86.0,101.34561,-15.345612
58.0,111.13134,-53.13134
125.0,119.33098,5.6690216
45.0,104.52898,-59.528976
125.0,119.31203,5.687973
125.0,112.165764,12.834236
125.0,124.07948,0.92051697
125.0,123.96486,1.035141
35.0,30.190073,4.809927
125.0,115.394966,9.605034
95.0,105.30987,-10.309868
125.0,117.205795,7.7942047
125.0,124.82753,0.1724701
104.0,51.262207,52.737793
93.0,90.42662,2.5733795
125.0,114.33434,10.665657
92.0,114.17563,-22.175629
27.0,29.501125,-2.5011253
125.0,118.21719,6.7828064
119.0,103.822205,15.177795
125.0,118.65337,6.3466263
125.0,123.152916,1.847084
95.0,77.72574,17.274261
125.0,119.198586,5.8014145
33.0,42.129818,-9.129818
27.0,31.883686,-4.883686
125.0,114.39362,10.606377
125.0,118.75676,6.2432404
40.0,38.21712,1.7828789
70.0,86.75081,-16.750809
125.0,117.79847,7.2015305
125.0,115.78537,9.21463
70.0,100.50028,-30.500282
125.0,109.80626,15.193741
95.0,116.24467,-21.244667
11.0,13.232138,-2.2321377
74.0,101.506386,-27.506386
71.0,96.81107,-25.811073
30.0,26.124071,3.8759289
125.0,117.384026,7.6159744
125.0,107.08975,17.910248
125.0,117.45565,7.5443497
125.0,121.300804,3.6991959
49.0,77.30531,-28.305313
121.0,102.82565,18.174347
63.0,98.353065,-35.353065
11.0,22.664047,-11.664047
125.0,126.58727,-1.5872726
54.0,41.303,12.696999
125.0,120.366974,4.633026
125.0,117.82829,7.171707
125.0,116.24352,8.756477
125.0,116.61875,8.381248
125.0,65.29996,59.700043
69.0,43.40198,25.598019
125.0,126.29306,-1.2930603
125.0,109.38843,15.611572
15.0,19.548923,-4.5489235
6.0,20.164314,-14.164314
125.0,114.39217,10.607826
14.0,15.912294,-1.9122944
125.0,123.24057,1.7594299
125.0,128.15598,-3.1559753
81.0,100.85952,-19.85952
63.0,75.375824,-12.375824
125.0,103.25375,21.746246
125.0,116.168945,8.831055
125.0,124.24463,0.7553711
85.0,116.6133,-31.613297
56.0,73.01056,-17.01056
87.0,123.15854,-36.15854
62.0,106.26177,-44.261772
109.0,117.83755,-8.837547
3.0,7.205598,-4.205598
125.0,122.94163,2.0583725
92.0,90.92931,1.0706863
125.0,125.331924,-0.33192444
72.0,58.046677,13.953323
125.0,126.92498,-1.9249802
125.0,123.47435,1.52565
125.0,102.963936,22.036064
59.0,67.03977,-8.039772
25.0,28.982733,-3.9827328
125.0,98.10957,26.890427
120.0,122.55097,-2.550972
38.0,61.4559,-23.455898
94.0,109.96849,-15.968491
110.0,114.10824,-4.108238
43.0,111.94601,-68.94601
125.0,96.1062,28.893799
65.0,83.30092,-18.300919
31.0,35.706074,-4.7060738
125.0,112.4427,12.557297
89.0,104.50622,-15.506218
125.0,115.20229,9.797707
125.0,121.12252,3.8774796
31.0,53.216614,-22.216614
112.0,113.87736,-1.8773575
11.0,11.406406,-0.4064064
97.0,96.54286,0.45713806
7.0,14.607609,-7.607609
92.0,121.32876,-29.328758
125.0,107.24465,17.755348
83.0,110.51375,-27.513748
76.0,116.64802,-40.648018
125.0,110.05447,14.945534
125.0,116.23733,8.762672
79.0,120.30072,-41.30072
125.0,124.956924,0.04307556
11.0,22.314907,-11.314907
64.0,67.07314,-3.073143
98.0,107.92388,-9.923882
125.0,111.58238,13.417618
125.0,124.46037,0.5396271
125.0,124.75507,0.24492645
125.0,108.91761,16.08239
25.0,46.814377,-21.814377
125.0,122.16565,2.8343506
125.0,102.07641,22.923592
125.0,116.9924,8.007599
106.0,90.48823,15.511772
125.0,119.862495,5.1375046
125.0,111.256645,13.743355
60.0,63.787804,-3.7878036
125.0,107.52378,17.47622
25.0,22.956024,2.0439758
49.0,62.070366,-13.070366
125.0,122.95504,2.04496
125.0,75.85986,49.140137
125.0,124.17127,0.8287277
46.0,59.899467,-13.899467
31.0,29.717043,1.2829571
31.0,82.33997,-51.339973
125.0,121.52395,3.4760513
125.0,102.40782,22.592178
52.0,37.006535,14.993465
50.0,49.723484,0.27651596
101.0,70.40243,30.597572
83.0,84.19945,-1.1994476
125.0,115.653786,9.346214
98.0,117.41713,-19.41713
125.0,124.946144,0.053855896
125.0,103.99042,21.009583
125.0,122.63389,2.3661118
35.0,31.13337,3.8666306
97.0,80.21377,16.786232
125.0,115.2301,9.769897
125.0,116.62306,8.376938
125.0,120.29028,4.709717
8.0,19.785397,-11.785397
125.0,84.99707,40.00293
125.0,121.16118,3.8388214
74.0,55.54673,18.45327
125.0,122.71798,2.2820206
33.0,48.448616,-15.448616
79.0,116.86418,-37.86418
30.0,37.86429,-7.8642883
38.0,29.6173,8.3827
125.0,112.65321,12.3467865
125.0,124.257576,0.742424
2.0,1.1510327,0.8489673
12.0,19.547346,-7.547346
69.0,94.678856,-25.678856
125.0,121.089134,3.9108658
125.0,116.12622,8.873779
125.0,124.27553,0.72447205
37.0,38.051556,-1.0515556
125.0,110.40856,14.591438
125.0,122.9524,2.0475998
46.0,44.558094,1.441906
125.0,113.79436,11.205643
125.0,116.58814,8.411858
125.0,125.80462,-0.80461884
115.0,119.08261,-4.082611
125.0,117.0081,7.9918976
31.0,31.244444,-0.2444439
125.0,101.5187,23.4813
42.0,67.47638,-25.47638
56.0,56.301323,-0.30132294
125.0,116.40436,8.595642
125.0,74.19224,50.807762
125.0,110.41766,14.582336
106.0,113.78573,-7.7857285
125.0,118.79301,6.206993
125.0,82.71053,42.289467
125.0,111.48459,13.515411
125.0,124.81052,0.18948364
101.0,110.574814,-9.574814
125.0,121.585594,3.4144058
125.0,121.18125,3.8187485
125.0,121.17365,3.8263474
114.0,119.57406,-5.5740585
122.0,119.596146,2.4038544
125.0,104.7263,20.273697
125.0,113.29405,11.705948
118.0,122.71765,-4.7176514
24.0,37.140594,-13.1405945
44.0,42.01744,1.9825592
125.0,121.49795,3.5020523
66.0,63.34608,2.6539192
125.0,118.2043,6.7957
46.0,52.465546,-6.4655457
103.0,115.87443,-12.874428
28.0,29.431086,-1.4310856
125.0,111.342,13.657997
44.0,46.34465,-2.3446503
44.0,83.095024,-39.095024
110.0,113.51864,-3.5186386
73.0,78.13397,-5.133972
20.0,33.45617,-13.456169
86.0,61.61862,24.381378
12.0,19.251596,-7.2515965
125.0,125.258995,-0.25899506
62.0,39.42632,22.57368
18.0,20.501255,-2.501255
108.0,116.48788,-8.487877
125.0,119.81339,5.1866074
40.0,42.43525,-2.4352493
6.0,12.700617,-6.700617
125.0,105.83659,19.163406
125.0,120.751526,4.248474
125.0,120.45379,4.5462112
99.0,96.79469,2.205307
5.0,8.370109,-3.3701086
30.0,27.192871,2.807129
104.0,117.276474,-13.276474
45.0,39.057632,5.9423676
74.0,69.79101,4.208992
125.0,122.07341,2.92659
38.0,53.277073,-15.277073
6.0,11.117779,-5.117779
48.0,92.57208,-44.572083
66.0,66.66699,-0.6669922
41.0,43.176113,-2.1761131
125.0,121.037964,3.9620361
82.0,78.99966,3.0003433
116.0,110.64712,5.3528824
72.0,115.49669,-43.49669
90.0,67.29346,22.706543
95.0,112.18037,-17.180367
125.0,113.76401,11.235992
21.0,22.95702,-1.9570198
125.0,119.94028,5.059723
107.0,107.200966,-0.20096588
125.0,112.45441,12.545593
125.0,97.20888,27.791122
125.0,107.94576,17.054237
125.0,114.66058,10.3394165
125.0,108.796936,16.203064
125.0,114.750786,10.249214
125.0,102.947685,22.052315
121.0,87.28603,33.713966
125.0,107.863266,17.136734
33.0,46.75096,-13.750961
34.0,37.610016,-3.6100159
125.0,117.92876,7.0712433
45.0,50.81827,-5.8182716
125.0,120.803696,4.1963043
49.0,61.362328,-12.362328
36.0,45.39641,-9.396412
121.0,124.19797,-3.1979675
43.0,82.627075,-39.627075
123.0,110.192726,12.807274
125.0,110.92496,14.075043
91.0,111.80427,-20.804268
88.0,106.16144,-18.161438
125.0,111.75308,13.246918
71.0,98.47957,-27.479568
125.0,124.30628,0.69371796
125.0,109.59124,15.40876
125.0,125.150505,-0.15050507
103.0,120.5844,-17.584396
125.0,121.29748,3.7025223
116.0,122.91217,-6.9121704
125.0,113.69541,11.304588
125.0,91.58766,33.41234
125.0,77.37271,47.62729
125.0,120.936134,4.0638657
125.0,117.273865,7.7261353
105.0,67.24366,37.75634
0.0,5.5797734,-5.5797734
125.0,117.8277,7.1723022
125.0,122.288734,2.7112656
125.0,115.11643,9.883568
101.0,96.63529,4.364708
17.0,25.655136,-8.655136
51.0,42.20944,8.790562
35.0,35.230392,-0.23039246
2.0,11.439726,-9.439726
125.0,115.87869,9.121307
125.0,109.90969,15.090309
93.0,114.67371,-21.673714
125.0,121.73115,3.2688522
125.0,100.43093,24.569069
75.0,66.0828,8.917198
125.0,111.35998,13.640022
125.0,123.94396,1.0560379
125.0,118.82541,6.174591
125.0,119.161705,5.838295
27.0,58.163235,-31.163235
125.0,123.436035,1.5639648
15.0,13.025388,1.9746122
45.0,112.62825,-67.62825
15.0,20.89556,-5.8955593
102.0,114.85609,-12.856087
125.0,116.600716,8.399284
44.0,45.927414,-1.927414
125.0,124.971214,0.028785706
125.0,120.03645,4.9635468
125.0,120.42919,4.5708084
11.0,17.156723,-6.156723
125.0,123.65304,1.346962
13.0,23.238361,-10.238361
125.0,115.97497,9.025032
125.0,122.528114,2.4718857
6.0,9.174887,-3.1748867
41.0,43.95682,-2.9568214
125.0,113.98273,11.017273
125.0,113.38071,11.619293
116.0,74.80209,41.197906
101.0,117.15192,-16.151917
125.0,121.82402,3.1759796
4.0,10.813646,-6.8136463
125.0,100.50303,24.496971
11.0,13.86939,-2.8693895
34.0,21.258202,12.741798
43.0,41.49129,1.508709
125.0,117.35788,7.6421204
125.0,124.555565,0.44443512
125.0,126.162544,-1.1625443
113.0,89.1208,23.879204
31.0,37.734097,-6.7340965
125.0,123.88479,1.1152115
124.0,115.074905,8.925095
2.0,4.1538553,-2.1538553
125.0,117.324,7.6760025
125.0,115.86005,9.139954
125.0,105.53965,19.46035
34.0,43.754578,-9.754578
13.0,21.05097,-8.05097
99.0,94.1179,4.882103
101.0,108.897316,-7.897316
125.0,125.37617,-0.3761673
125.0,115.53813,9.461868
98.0,89.9914,8.008598
73.0,84.28066,-11.280663
125.0,124.05571,0.94429016
125.0,121.38009,3.6199112
34.0,36.84069,-2.8406906
44.0,37.605114,6.394886
125.0,123.96085,1.0391464
125.0,117.70283,7.2971725
125.0,117.99911,7.0008926
125.0,119.89486,5.1051407
61.0,118.04995,-57.04995
120.0,79.63409,40.365913
125.0,125.44382,-0.44381714
33.0,33.47158,-0.4715805
125.0,107.586006,17.413994
61.0,73.87527,-12.875267
125.0,120.28062,4.7193832
68.0,61.337234,6.6627655
125.0,120.62734,4.372658
76.0,121.03107,-45.031067
108.0,115.246925,-7.2469254
48.0,66.704796,-18.704796
125.0,115.28382,9.716179
121.0,114.8434,6.156601
125.0,117.45382,7.5461807
55.0,67.978745,-12.9787445
12.0,19.175146,-7.175146
125.0,124.85294,0.14705658
119.0,123.47656,-4.4765625
125.0,114.04672,10.953278
125.0,63.339607,61.660393
125.0,116.896706,8.103294
63.0,93.7783,-30.778297
125.0,108.7852,16.214798
18.0,16.62315,1.3768501
112.0,114.044426,-2.044426
89.0,51.579315,37.420685
125.0,124.22056,0.77944183
32.0,46.314358,-14.314358
38.0,39.744205,-1.7442055
68.0,105.417114,-37.417114
125.0,115.13554,9.864464
54.0,42.51158,11.488419
125.0,110.81211,14.187889
125.0,121.78236,3.2176437
64.0,109.635735,-45.635735
125.0,115.18577,9.814232
102.0,109.825966,-7.825966
125.0,121.69802,3.301979
124.0,101.95221,22.04779
32.0,32.106377,-0.10637665
1.0,3.0741243,-2.0741243
9.0,9.691451,-0.6914511
9.0,19.432432,-10.432432
125.0,122.687645,2.312355
53.0,89.46936,-36.46936
125.0,117.51921,7.480789
125.0,118.16646,6.833542
125.0,126.92791,-1.9279099
45.0,45.45054,-0.45053864
41.0,30.807947,10.192053
69.0,114.63097,-45.630966
125.0,127.46653,-2.4665298
103.0,99.48541,3.5145874
87.0,72.79006,14.209938
110.0,116.151535,-6.151535
2.0,5.723458,-3.7234578
125.0,124.70595,0.29405212
125.0,125.63507,-0.6350708
15.0,21.813705,-6.8137054
125.0,122.22417,2.7758331
125.0,113.54537,11.454628
85.0,105.70954,-20.709541
125.0,118.81917,6.180832
125.0,119.95748,5.0425186
88.0,76.87149,11.1285095
125.0,119.99285,5.0071487
125.0,108.73531,16.264687
16.0,19.259415,-3.2594147
125.0,125.374435,-0.37443542
63.0,52.950226,10.049774
125.0,120.84065,4.1593475
125.0,115.770164,9.2298355
53.0,93.50257,-40.50257
125.0,116.16721,8.832787
125.0,124.230835,0.76916504
1.0,8.520179,-7.520179
125.0,114.34403,10.655968
125.0,119.91586,5.084137
125.0,115.50869,9.49131
55.0,51.926197,3.073803
30.0,32.402504,-2.402504
125.0,78.90117,46.09883
125.0,120.346535,4.6534653
5.0,5.33393,-0.33393002
125.0,115.10929,9.890709
125.0,115.31274,9.6872635
41.0,29.8942,11.105801
41.0,63.73787,-22.73787
30.0,35.33667,-5.33667
24.0,20.468344,3.5316563
75.0,112.60351,-37.603508
125.0,114.01192,10.988083
125.0,121.14195,3.8580475
22.0,32.19797,-10.197971
51.0,69.718834,-18.718834
125.0,125.535545,-0.53554535
125.0,119.393555,5.6064453
125.0,104.53273,20.46727
93.0,45.439137,47.560863
107.0,113.50659,-6.506592
47.0,50.867138,-3.867138
99.0,73.96321,25.036789
24.0,40.82329,-16.823292
125.0,124.942184,0.05781555
125.0,123.71895,1.2810516
125.0,122.04324,2.9567566
42.0,37.8082,4.191799
94.0,93.263725,0.7362747
125.0,105.58731,19.41269
27.0,24.871553,2.1284466
125.0,118.22227,6.777733
27.0,54.193787,-27.193787
125.0,108.81317,16.186829
3.0,5.4584556,-2.4584556
2.0,4.225217,-2.2252169
81.0,105.455025,-24.455025
125.0,100.879166,24.120834
6.0,11.819259,-5.8192587
99.0,118.23413,-19.23413
10.0,14.28112,-4.2811203
125.0,115.45345,9.546547
61.0,109.9997,-48.999702
42.0,43.86755,-1.8675499
125.0,105.62879,19.371208
6.0,10.643664,-4.6436644
30.0,23.55286,6.4471397
94.0,102.62576,-8.625763
125.0,120.474144,4.525856
0.0,2.1495745,-2.1495745
125.0,118.22764,6.7723618
14.0,16.840559,-2.840559
24.0,15.738417,8.261583
42.0,28.226032,13.773968
65.0,78.58614,-13.5861435
1.0,8.155987,-7.155987
5.0,15.041076,-10.041076
125.0,84.023384,40.976616
40.0,62.421608,-22.421608
125.0,126.01152,-1.0115204
89.0,85.240845,3.7591553
125.0,90.498886,34.501114
50.0,53.395912,-3.3959122
123.0,106.935974,16.064026
125.0,121.25051,3.7494888
51.0,61.675186,-10.675186
125.0,106.759346,18.240654
125.0,118.852806,6.147194
52.0,112.87163,-60.871628
111.0,117.595825,-6.595825
30.0,35.144188,-5.144188
125.0,94.2587,30.741302
125.0,123.42482,1.57518
125.0,120.68246,4.317543
49.0,76.750854,-27.750854
30.0,52.063683,-22.063683
107.0,73.57092,33.429077
125.0,109.687126,15.312874
30.0,55.542088,-25.542088
27.0,54.220924,-27.220924
30.0,37.050243,-7.0502434
125.0,119.50905,5.4909515
74.0,109.21354,-35.21354
118.0,78.46375,39.536247
125.0,122.53373,2.4662704
6.0,7.6018534,-1.6018534
50.0,112.743706,-62.743706
46.0,33.57831,12.421692
111.0,108.230125,2.7698746
125.0,112.99942,12.00058
108.0,74.048515,33.951485
78.0,122.27744,-44.277443
107.0,109.38522,-2.3852234
125.0,104.24124,20.758759
125.0,118.631294,6.3687057
125.0,109.91625,15.083748
125.0,113.99089,11.0091095
37.0,43.899284,-6.8992844
125.0,100.71861,24.281387
9.0,12.527622,-3.5276222
125.0,117.78023,7.2197723
23.0,45.259556,-22.259556
101.0,52.110672,48.889328
125.0,88.69168,36.30832
125.0,123.045044,1.954956
8.0,11.310741,-3.3107414
125.0,118.331154,6.668846
117.0,122.13771,-5.1377106
76.0,97.17523,-21.175232
10.0,12.441542,-2.4415417
26.0,51.9668,-25.9668
25.0,42.112164,-17.112164
125.0,126.75506,-1.7550583
25.0,22.009424,2.9905758
125.0,124.52495,0.47505188
125.0,124.6801,0.3199005
71.0,66.56056,4.439438
125.0,125.15174,-0.15174103
47.0,87.70008,-40.70008
116.0,111.39122,4.60878
36.0,59.02773,-23.027729
85.0,113.16972,-28.169724
125.0,123.91995,1.0800476
125.0,116.73583,8.264168
125.0,120.607956,4.392044
125.0,124.71549,0.28450775
6.0,13.16531,-7.16531
121.0,109.109924,11.890076
125.0,117.643745,7.3562546
70.0,99.99164,-29.991638
120.0,123.50126,-3.5012589
85.0,112.58345,-27.58345
69.0,42.61984,26.380161
40.0,25.752619,14.247381
1.0,2.6848614,-1.6848614
57.0,63.36461,-6.364609
15.0,17.934744,-2.934744
61.0,49.14133,11.858669
101.0,96.83193,4.168068
125.0,124.65909,0.34091187
120.0,89.33657,30.66343
125.0,110.576004,14.423996
93.0,114.43095,-21.430946
110.0,109.079704,0.9202957
110.0,113.30173,-3.3017273
108.0,116.0701,-8.070099
103.0,112.332504,-9.332504
125.0,99.744545,25.255455
54.0,75.48486,-21.484863
93.0,72.39569,20.60431
125.0,123.63723,1.3627701
65.0,116.954666,-51.954666
114.0,116.7872,-2.787201
125.0,124.72788,0.2721176
105.0,97.93532,7.064682
125.0,118.715065,6.284935
26.0,27.2297,-1.2297001
99.0,119.101746,-20.101746
2.0,10.603234,-8.603234
125.0,121.56744,3.4325638
125.0,116.836975,8.163025
125.0,124.07319,0.9268112
33.0,87.9054,-54.905403
95.0,117.76004,-22.76004
125.0,122.57877,2.4212265
108.0,85.78616,22.213837
79.0,115.66739,-36.66739
125.0,89.18257,35.81743
103.0,119.24693,-16.246933
125.0,109.46803,15.531967
4.0,14.061812,-10.061812
21.0,26.051212,-5.0512123
125.0,109.860596,15.139404
67.0,54.013912,12.986088
125.0,109.98542,15.01458
26.0,19.380346,6.6196537
59.0,47.147007,11.852993
20.0,29.27891,-9.27891
31.0,30.795818,0.20418167
125.0,100.354126,24.645874
125.0,116.62427,8.375732
125.0,112.63854,12.361458
125.0,122.375175,2.6248245
60.0,80.69289,-20.692886
125.0,89.7166,35.2834
50.0,55.09141,-5.0914116
125.0,111.85551,13.144493
98.0,104.71396,-6.7139587
115.0,104.28505,10.714951
125.0,124.45738,0.5426178
93.0,63.960327,29.039673
125.0,121.506294,3.4937057
100.0,106.28685,-6.28685
83.0,93.36248,-10.36248
69.0,74.34223,-5.3422318
112.0,116.44792,-4.4479218
89.0,80.395615,8.604385
66.0,84.558525,-18.558525
125.0,122.968796,2.0312042
108.0,115.05038,-7.050377
51.0,101.91117,-50.91117
84.0,108.72262,-24.722618
96.0,115.06693,-19.066933
125.0,121.25936,3.7406387
125.0,115.28005,9.719948
4.0,8.637485,-4.6374846
34.0,41.29403,-7.294029
56.0,38.626896,17.373104
23.0,32.947247,-9.947247
24.0,27.91227,-3.9122696
65.0,61.89115,3.1088486
78.0,119.346504,-41.346504
115.0,114.50939,0.49060822
49.0,45.96304,3.0369606
66.0,59.50336,6.4966393
122.0,110.1086,11.891403
31.0,42.329655,-11.329655
125.0,124.24045,0.759552
125.0,118.32143,6.6785736
41.0,39.666714,1.3332863
125.0,109.66155,15.338448
34.0,37.1158,-3.115799
125.0,108.22128,16.778717
125.0,126.000984,-1.0009842
125.0,116.668976,8.331024
125.0,125.036255,-0.036254883
60.0,85.024,-25.024002
110.0,90.927414,19.072586
125.0,115.10858,9.891418
125.0,116.534966,8.4650345
61.0,56.102875,4.8971252
92.0,97.64498,-5.6449814
125.0,123.05486,1.945137
60.0,38.913963,21.086037
40.0,50.924385,-10.924385
68.0,109.962975,-41.962975
125.0,100.814,24.185997
125.0,122.60199,2.3980103
41.0,105.65394,-64.65394
125.0,116.370125,8.629875
103.0,115.67807,-12.67807
125.0,115.998,9.001999
125.0,121.3744,3.6256027
34.0,39.67428,-5.6742783
22.0,20.963129,1.036871
59.0,114.230675,-55.230675
100.0,111.64842,-11.648422
125.0,102.461006,22.538994
12.0,14.697984,-2.6979837
125.0,122.966805,2.0331955
85.0,120.822876,-35.822876
125.0,109.48373,15.5162735
123.0,125.03233,-2.0323334
119.0,120.82185,-1.8218536
24.0,22.1357,1.8642998
66.0,53.480694,12.519306
47.0,40.00285,6.9971504
57.0,90.55233,-33.55233
125.0,113.22631,11.773689
125.0,114.21406,10.785942
125.0,124.098854,0.90114594
58.0,49.94204,8.0579605
69.0,102.88023,-33.880234
125.0,117.68366,7.3163376
125.0,120.85585,4.14415
14.0,19.449778,-5.4497776
125.0,125.811935,-0.8119354
125.0,124.878426,0.1215744
38.0,74.073586,-36.073586
1.0,5.508505,-4.508505
55.0,70.430084,-15.430084
2.0,5.1219835,-3.1219835
125.0,114.450134,10.549866
111.0,69.851456,41.148544
125.0,121.60652,3.3934784
125.0,106.90339,18.096611
40.0,58.68955,-18.689548
90.0,114.51126,-24.511261
61.0,100.415436,-39.415436
125.0,109.17038,15.82962
125.0,119.66865,5.331352
1.0,6.919626,-5.919626
125.0,118.57963,6.420372
26.0,20.511713,5.488287
125.0,116.26678,8.733223
72.0,66.870834,5.1291656
125.0,115.414665,9.585335
125.0,126.42896,-1.4289627
125.0,109.86547,15.134529
114.0,110.21647,3.7835312
53.0,53.4304,-0.43040085
83.0,108.90432,-25.90432
10.0,13.891332,-3.8913317
125.0,124.47038,0.5296173
61.0,75.43459,-14.434593
48.0,92.32629,-44.326286
91.0,112.55798,-21.557983
28.0,28.981567,-0.9815674
125.0,124.06723,0.9327698
125.0,110.66827,14.331734
80.0,118.421875,-38.421875
106.0,114.22729,-8.227287
109.0,84.48991,24.510094
37.0,36.785442,0.21455765
125.0,114.29893,10.701073
125.0,116.59321,8.406792
54.0,65.72118,-11.721184
23.0,20.69082,2.3091793
125.0,123.93737,1.0626297
103.0,121.695175,-18.695175
118.0,115.22885,2.7711487
125.0,107.84404,17.15596
19.0,34.654015,-15.654015
99.0,106.01603,-7.0160294
111.0,99.3968,11.603203
125.0,116.50401,8.495987
92.0,103.401184,-11.401184
125.0,117.66912,7.330879
32.0,48.438168,-16.438168
44.0,37.774483,6.2255173
27.0,36.990753,-9.990753
125.0,123.901024,1.0989761
80.0,91.76764,-11.767639
125.0,97.481445,27.518555
76.0,79.71686,-3.716858
59.0,53.39057,5.6094284
120.0,113.65989,6.340111
125.0,117.725204,7.2747955
41.0,31.96175,9.03825
38.0,41.37791,-3.3779106
125.0,90.684654,34.315346
43.0,52.513073,-9.513073
125.0,114.56281,10.437187
59.0,78.72911,-19.72911
125.0,120.32418,4.6758194
116.0,100.66128,15.338722
57.0,95.99106,-38.99106
125.0,118.69538,6.304619
120.0,121.08499,-1.0849915
59.0,105.52031,-46.52031
112.0,115.16967,-3.16967
125.0,107.10205,17.89795
125.0,118.066765,6.933235
35.0,32.417595,2.582405
50.0,44.69449,5.3055115
78.0,83.28999,-5.2899933
70.0,73.69795,-3.6979523
124.0,117.06315,6.9368515
32.0,26.534811,5.465189
21.0,15.605621,5.3943787
125.0,122.01643,2.9835663
43.0,89.59368,-46.59368
40.0,103.3918,-63.3918
90.0,95.0142,-5.0141983
80.0,74.30597,5.694031
109.0,116.995575,-7.995575
106.0,114.0199,-8.019897
56.0,114.48299,-58.482986
125.0,115.97688,9.023117
41.0,81.41443,-40.41443
20.0,21.000683,-1.0006828
84.0,113.10718,-29.107178
113.0,112.32837,0.67163086
55.0,79.699356,-24.699356
125.0,120.224266,4.775734
28.0,30.897951,-2.8979511
125.0,104.185265,20.814735
60.0,73.87091,-13.870911
125.0,120.18336,4.8166428
102.0,100.08907,1.9109268
125.0,118.806244,6.193756
125.0,124.276306,0.72369385
125.0,110.44184,14.558159
125.0,116.42791,8.57209
22.0,28.395798,-6.3957977
83.0,89.7708,-6.7707977
90.0,118.58436,-28.584358
125.0,126.07509,-1.0750885
125.0,123.575554,1.4244461
125.0,124.35374,0.6462631
125.0,115.11829,9.881706
75.0,75.9436,-0.9436035
125.0,125.575424,-0.5754242
73.0,67.02634,5.9736633
111.0,116.61042,-5.61042
1.0,-1.7789937,2.7789936
125.0,101.39986,23.600143
125.0,97.69011,27.30989
125.0,116.66766,8.332336
125.0,119.86373,5.1362686
125.0,109.15376,15.846237
53.0,53.489285,-0.48928452
125.0,121.21718,3.7828217
73.0,77.795456,-4.795456
77.0,106.243706,-29.243706
47.0,85.441185,-38.441185
58.0,61.010056,-3.0100555
119.0,109.82664,9.173363
125.0,116.3311,8.6689
3.0,4.2057114,-1.2057114
88.0,103.69822,-15.698219
125.0,124.68466,0.31533813
125.0,117.54972,7.450279
125.0,116.868286,8.131714
125.0,116.84504,8.154961
79.0,62.410404,16.589596
17.0,24.542116,-7.542116
52.0,68.107216,-16.107216
31.0,22.923618,8.076382
125.0,98.819664,26.180336
125.0,120.22465,4.7753525
125.0,108.599686,16.400314
125.0,110.81554,14.1844635
125.0,116.21614,8.783859
55.0,59.493946,-4.493946
45.0,33.299484,11.700516
89.0,57.173298,31.826702
114.0,95.13009,18.869911
53.0,41.729317,11.270683
125.0,123.93154,1.0684586
125.0,118.45619,6.543808
69.0,61.49777,7.5022316
52.0,76.76515,-24.765152
125.0,127.015175,-2.0151749
120.0,124.08907,-4.089073
125.0,107.70419,17.295807
14.0,19.423763,-5.4237633
55.0,96.61479,-41.61479
61.0,118.70037,-57.70037
125.0,122.544914,2.4550858
42.0,61.012585,-19.012585
29.0,28.921516,0.07848358
112.0,119.67738,-7.6773834
125.0,119.69057,5.309433
125.0,125.76528,-0.7652817
125.0,122.659454,2.3405457
116.0,113.597664,2.4023361
52.0,31.082096,20.917904
53.0,62.747993,-9.747993
88.0,56.738712,31.261288
56.0,47.639748,8.360252
3.0,2.1995082,0.8004918
125.0,114.523155,10.476845
85.0,112.81554,-27.815536
77.0,68.757385,8.242615
125.0,117.13158,7.8684235
41.0,47.458073,-6.4580727
125.0,112.76312,12.236877
125.0,94.776855,30.223145
125.0,111.0107,13.989304
125.0,123.78428,1.2157211
83.0,64.76429,18.23571
98.0,103.51448,-5.5144806
125.0,122.61568,2.3843231
50.0,54.895893,-4.895893
125.0,124.46007,0.53993225
63.0,73.77793,-10.777931
108.0,121.22419,-13.22419
115.0,122.27032,-7.270317
70.0,110.75678,-40.756783
125.0,124.02406,0.9759369
119.0,75.21085,43.789146
125.0,125.95135,-0.95134735
125.0,113.42985,11.570152
125.0,92.75235,32.24765
108.0,113.84212,-5.8421173
125.0,122.6255,2.3744965
95.0,102.191505,-7.1915054
8.0,15.511491,-7.511491
45.0,35.66577,9.3342285
78.0,103.2839,-25.283897
108.0,113.24236,-5.242363
109.0,110.34167,-1.3416672
125.0,103.10772,21.89228
125.0,116.02832,8.97168
94.0,108.040985,-14.040985
26.0,29.492214,-3.4922142
4.0,7.686101,-3.686101
125.0,112.85054,12.14946
125.0,111.21766,13.782341
25.0,30.758291,-5.7582912
125.0,122.76506,2.2349396
11.0,18.352833,-7.352833
55.0,75.91998,-20.919983
125.0,122.259384,2.7406158
33.0,31.24588,1.7541199
66.0,59.7678,6.2322006
125.0,124.95005,0.049949646
125.0,117.96154,7.03846
95.0,117.17042,-22.170418
36.0,28.739264,7.2607365
120.0,94.45323,25.546768
76.0,94.87993,-18.879929
125.0,116.56657,8.433434
95.0,57.324173,37.675827
71.0,108.74401,-37.74401
125.0,109.05134,15.948662
26.0,29.387142,-3.3871422
125.0,118.341644,6.6583557
125.0,107.719696,17.280304
64.0,77.11186,-13.111862
43.0,46.95852,-3.958519
125.0,111.0174,13.982597
72.0,63.201225,8.798775
51.0,45.666462,5.333538
125.0,120.34876,4.6512375
125.0,116.790794,8.209206
125.0,125.25155,-0.25154877
72.0,80.31218,-8.31218
119.0,109.7435,9.2565
125.0,115.178764,9.821236
95.0,75.68627,19.313728
125.0,122.03475,2.965248
102.0,67.219,34.781
125.0,118.03269,6.967308
98.0,105.13493,-7.1349335
125.0,120.13291,4.8670883
43.0,48.878056,-5.8780556
125.0,118.8755,6.1244965
57.0,116.53459,-59.53459
114.0,81.061455,32.938545
122.0,123.536865,-1.5368652
39.0,44.119106,-5.1191063
41.0,29.804241,11.195759
20.0,25.870424,-5.8704243
102.0,93.35508,8.64492
121.0,108.97197,12.02803
8.0,12.410559,-4.4105587
125.0,113.2665,11.733498
97.0,108.76791,-11.767906
9.0,12.736942,-3.7369423
108.0,115.89811,-7.8981094
125.0,123.14571,1.8542862
47.0,39.13463,7.8653717
100.0,118.43826,-18.438263
125.0,118.052055,6.9479446
92.0,110.64772,-18.64772
107.0,105.465965,1.5340347
5.0,14.981061,-9.981061
101.0,97.383606,3.616394
125.0,120.35875,4.6412506
125.0,114.13209,10.867912
111.0,105.43789,5.562111
84.0,115.45199,-31.451988
125.0,117.11697,7.8830338
54.0,31.132034,22.867966
21.0,28.131876,-7.131876
17.0,24.307173,-7.307173
86.0,115.79922,-29.799217
125.0,120.94893,4.051071
88.0,115.05559,-27.055588
125.0,124.51266,0.48734283
125.0,121.101814,3.8981857
11.0,16.62515,-5.6251507
52.0,62.930466,-10.930466
88.0,113.09509,-25.095093
48.0,80.84301,-32.84301
125.0,118.70514,6.294861
125.0,125.21897,-0.21897125
19.0,24.674057,-5.674057
100.0,101.23673,-1.2367325
125.0,100.88493,24.115067
95.0,92.740654,2.259346
43.0,99.47166,-56.471657
2.0,-0.05529076,2.0552907
82.0,113.67908,-31.679077
31.0,41.660255,-10.660255
20.0,27.95283,-7.9528294
125.0,123.04023,1.9597702
72.0,96.367294,-24.367294
89.0,82.209404,6.790596
62.0,64.336624,-2.3366241
82.0,111.12755,-29.127548
125.0,114.19487,10.80513
125.0,114.91022,10.089783
77.0,70.39028,6.6097183
91.0,115.6532,-24.653198
125.0,123.54286,1.4571381
125.0,125.972626,-0.97262573
115.0,122.890816,-7.8908157
3.0,10.465551,-7.4655514
125.0,94.134796,30.865204
70.0,70.01461,-0.0146102905
78.0,90.042046,-12.042046
125.0,71.03309,53.96691
95.0,95.335075,-0.33507538
31.0,57.241367,-26.241367
125.0,120.812325,4.1876755
31.0,32.531254,-1.5312538
125.0,118.64817,6.3518295
125.0,120.93578,4.0642166
125.0,125.356705,-0.3567047
125.0,116.323715,8.676285
125.0,118.75496,6.245041
125.0,121.69048,3.309517
29.0,27.75774,1.24226
92.0,106.97362,-14.973618
10.0,24.292559,-14.292559
125.0,124.16875,0.83125305
94.0,109.07181,-15.071808
125.0,123.37372,1.6262817
26.0,45.956463,-19.956463
106.0,81.23844,24.761559
125.0,116.153244,8.846756
125.0,114.503006,10.496994
19.0,24.311718,-5.311718
54.0,60.73934,-6.7393417
11.0,13.75844,-2.75844
37.0,29.926199,7.073801
125.0,123.133255,1.866745
20.0,39.959446,-19.959446
125.0,115.227806,9.772194
4.0,10.69665,-6.6966496
125.0,124.01935,0.98065186
98.0,117.62158,-19.621582
121.0,87.92725,33.072746
125.0,122.27965,2.7203522
125.0,117.27217,7.727829
10.0,13.113759,-3.113759
23.0,33.915615,-10.915615
125.0,118.58848,6.411522
123.0,101.195854,21.804146
38.0,23.673002,14.326998
125.0,113.7536,11.246399
39.0,25.768253,13.231747
54.0,44.370174,9.629826
97.0,75.95901,21.040993
29.0,38.681805,-9.681805
51.0,75.4564,-24.456398
9.0,10.436996,-1.4369965
36.0,33.88411,2.1158905
70.0,92.968155,-22.968155
107.0,118.25879,-11.258789
99.0,114.53772,-15.53772
14.0,21.8912,-7.891199
125.0,103.76473,21.235268
69.0,85.42471,-16.424713
42.0,44.767887,-2.767887
55.0,91.899956,-36.899956
73.0,77.30334,-4.303337
54.0,59.132355,-5.1323547
86.0,111.792595,-25.792595
52.0,51.48886,0.5111389
7.0,9.778343,-2.7783432
121.0,119.99892,1.0010834
29.0,27.599436,1.4005642
125.0,120.50535,4.494652
35.0,34.021503,0.97849655
8.0,10.987412,-2.9874125
125.0,125.465096,-0.46509552
41.0,57.75299,-16.75299
125.0,120.034294,4.965706
125.0,120.86789,4.1321106
107.0,120.50508,-13.505081
125.0,114.44994,10.550056
125.0,118.59035,6.4096527
109.0,90.06131,18.93869
125.0,124.202965,0.7970352
125.0,112.81409,12.185913
85.0,111.41765,-26.417648
83.0,107.6252,-24.625198
125.0,121.224625,3.7753754
125.0,116.467995,8.532005
125.0,117.93187,7.0681305
18.0,22.705614,-4.705614
120.0,109.80139,10.198608
125.0,102.56012,22.43988
125.0,110.11821,14.88179
47.0,29.541922,17.458078
85.0,71.53049,13.469513
125.0,120.858925,4.141075
36.0,47.262367,-11.262367
77.0,113.04681,-36.046806
32.0,33.81238,-1.8123817
49.0,45.960823,3.039177
28.0,33.043697,-5.0436974
113.0,118.66876,-5.668762
52.0,49.252415,2.7475853
7.0,14.58247,-7.58247
125.0,123.383224,1.6167755
125.0,117.852516,7.147484
32.0,42.5478,-10.547798
125.0,119.32011,5.6798935
51.0,117.49661,-66.49661
36.0,114.656425,-78.656425
125.0,122.51975,2.4802475
125.0,110.5046,14.495399
89.0,63.289345,25.710655
66.0,48.542625,17.457375
59.0,50.677147,8.322853
44.0,36.586098,7.4139023
26.0,27.889223,-1.8892231
125.0,119.72782,5.2721786
125.0,118.980736,6.019264
125.0,106.89671,18.103287
11.0,14.219485,-3.2194853
117.0,98.31791,18.68209
125.0,116.14464,8.855362
84.0,61.139503,22.860497
58.0,57.73687,0.2631302
125.0,111.57122,13.42878
20.0,29.607063,-9.607063
125.0,124.72081,0.27919006
3.0,6.61429,-3.6142902
105.0,94.13061,10.869392
125.0,121.20177,3.798233
106.0,108.36903,-2.3690338
125.0,116.7326,8.267403
125.0,119.94628,5.0537186
29.0,21.039091,7.960909
125.0,116.00554,8.994461
125.0,120.15873,4.8412704
77.0,105.3162,-28.3162
10.0,13.446823,-3.4468231
92.0,108.06839,-16.06839
125.0,115.72201,9.277992
99.0,106.081276,-7.081276
125.0,86.37397,38.62603
125.0,125.618996,-0.61899567
17.0,25.029768,-8.029768
55.0,64.87962,-9.879623
64.0,117.315994,-53.315994
125.0,124.575455,0.4245453
125.0,118.35398,6.646019
125.0,123.44967,1.5503311
92.0,112.398964,-20.398964
125.0,118.42002,6.579979
80.0,104.823425,-24.823425
125.0,111.391174,13.608826
125.0,115.63022,9.3697815
125.0,105.23759,19.762413
10.0,17.840654,-7.8406544
46.0,83.15298,-37.152977
26.0,34.21763,-8.2176285
125.0,124.27448,0.7255173
10.0,19.260023,-9.260023
125.0,123.6742,1.325798
125.0,104.46547,20.53453
125.0,116.96714,8.03286
34.0,40.61609,-6.616089
125.0,118.954796,6.045204
50.0,48.144527,1.8554726
104.0,112.17067,-8.17067
125.0,119.90744,5.09256
125.0,118.350075,6.649925
86.0,68.93539,17.064613
125.0,123.14737,1.8526306
125.0,113.39297,11.607033
8.0,11.125029,-3.1250286
102.0,120.308105,-18.308105
125.0,118.851715,6.148285
44.0,45.649475,-1.6494751
125.0,124.07472,0.9252777
125.0,118.96548,6.034523
125.0,116.200134,8.799866
125.0,110.601814,14.398186
125.0,108.0742,16.925797
125.0,120.89215,4.107849
25.0,39.324604,-14.324604
58.0,103.78636,-45.78636
40.0,34.464516,5.5354843
125.0,124.81375,0.18624878
95.0,60.65078,34.34922
91.0,114.78771,-23.787712
125.0,109.63476,15.365242
110.0,120.40366,-10.403664
109.0,117.01795,-8.017952
106.0,121.3674,-15.367401
105.0,109.44681,-4.446808
122.0,123.87618,-1.8761826
125.0,115.117386,9.882614
92.0,120.95156,-28.951561
125.0,118.67417,6.3258286
40.0,42.758484,-2.758484
44.0,56.735653,-12.735653
22.0,44.58186,-22.58186
112.0,72.9001,39.0999
125.0,92.78701,32.21299
38.0,51.22391,-13.223911
125.0,101.73999,23.26001
51.0,62.345444,-11.345444
6.0,11.645745,-5.6457453
52.0,57.346333,-5.3463326
125.0,120.46626,4.533737
94.0,106.817116,-12.817116
125.0,97.86753,27.13247
92.0,52.25424,39.74576
72.0,64.86955,7.1304474
63.0,78.43583,-15.435829
84.0,117.14063,-33.140633
125.0,115.99326,9.006737
58.0,85.87901,-27.879013
96.0,72.474464,23.525536
40.0,49.548313,-9.548313
87.0,87.15545,-0.15544891
65.0,49.747272,15.2527275
36.0,30.961294,5.038706
125.0,118.71591,6.284088
125.0,121.40526,3.5947418
51.0,61.576912,-10.576912
125.0,117.92314,7.0768585
125.0,114.94094,10.059059
52.0,39.87864,12.121361
125.0,115.16918,9.830818
55.0,92.447334,-37.447334
93.0,84.55103,8.448967
118.0,124.887535,-6.887535
50.0,84.057205,-34.057205
26.0,34.18699,-8.186989
125.0,89.076035,35.923965
59.0,42.662067,16.337933
72.0,77.37902,-5.3790207
114.0,123.436005,-9.436005
125.0,123.19301,1.8069916
125.0,124.59725,0.4027481
84.0,82.5968,1.4031982
54.0,60.14698,-6.1469803
84.0,61.29988,22.700119
26.0,21.847025,4.152975
104.0,102.40714,1.5928574
125.0,117.724785,7.275215
81.0,88.78529,-7.7852936
115.0,64.97574,50.02426
16.0,16.496803,-0.49680328
91.0,91.99855,-0.9985504
125.0,123.18231,1.817688
117.0,115.636375,1.3636246
62.0,73.60704,-11.60704
125.0,118.666214,6.333786
125.0,109.238174,15.761826
99.0,73.637856,25.362144
125.0,124.88981,0.110191345
125.0,120.333374,4.666626
27.0,37.12289,-10.12289
125.0,116.42794,8.57206
5.0,9.2474,-4.2474003
84.0,72.68186,11.318138
125.0,124.69272,0.3072815
125.0,114.90983,10.090172
0.0,12.056153,-12.056153
89.0,109.84385,-20.84385
125.0,118.844765,6.1552353
107.0,117.30359,-10.303589
125.0,125.88355,-0.88355255
125.0,119.144485,5.8555145
125.0,122.92491,2.0750885
125.0,117.8296,7.1704025
91.0,94.708084,-3.708084
2.0,0.25083497,1.749165
125.0,117.37294,7.62706
27.0,35.795994,-8.795994
13.0,22.197536,-9.197536
125.0,110.55546,14.444542
124.0,71.53344,52.46656
44.0,91.612885,-47.612885
52.0,108.26348,-56.26348
39.0,43.163425,-4.1634254
125.0,122.55296,2.4470367
125.0,119.16512,5.834877
115.0,120.1658,-5.165802
83.0,72.20376,10.796242
125.0,120.2046,4.7954025
125.0,117.36904,7.6309586
15.0,19.592293,-4.592293
125.0,120.06752,4.93248
125.0,105.19313,19.80687
125.0,123.31496,1.6850433
17.0,22.693403,-5.6934032
56.0,51.1537,4.846298
89.0,103.57982,-14.579819
86.0,116.10582,-30.10582
125.0,108.63154,16.368462
125.0,111.68328,13.316719
45.0,43.68001,1.3199883
125.0,98.62791,26.372093
105.0,116.69308,-11.693077
71.0,99.44986,-28.44986
104.0,93.68171,10.318291
10.0,17.731052,-7.7310524
66.0,109.65486,-43.65486
124.0,78.68962,45.31038
48.0,51.293015,-3.2930145
64.0,61.09086,2.9091415
125.0,76.211555,48.788445
112.0,113.53377,-1.5337677
92.0,63.037216,28.962784
79.0,65.33496,13.665039
61.0,98.09591,-37.09591
125.0,118.36259,6.637413
125.0,120.36291,4.6370926
125.0,101.33276,23.667236
125.0,121.51468,3.485321
125.0,108.46793,16.532066
125.0,124.98635,0.013648987
125.0,123.27844,1.7215576
125.0,120.568886,4.431114
31.0,52.381,-21.381
125.0,119.30319,5.696808
125.0,124.73696,0.26303864
88.0,115.869415,-27.869415
22.0,16.842424,5.1575756
18.0,23.52983,-5.529831
125.0,119.39217,5.607826
125.0,118.61223,6.3877716
125.0,120.60227,4.397728
125.0,114.97599,10.02401
63.0,101.478615,-38.478615
77.0,113.58468,-36.58468
68.0,100.84515,-32.845154
52.0,43.271267,8.728733
125.0,125.42024,-0.4202423
47.0,56.935112,-9.935112
101.0,91.312584,9.687416
122.0,89.21331,32.78669
114.0,120.04215,-6.0421524
125.0,122.93382,2.0661774
69.0,56.707508,12.292492
125.0,115.07629,9.923714
66.0,98.42524,-32.42524
60.0,68.75614,-8.756142
50.0,79.71378,-29.713783
125.0,120.499115,4.500885
112.0,110.603134,1.3968658
115.0,95.25106,19.74894
21.0,37.395527,-16.395527
103.0,119.22649,-16.226486
91.0,79.3405,11.6595
125.0,123.48145,1.518547
125.0,123.273254,1.7267456
113.0,95.55451,17.445488
94.0,118.43808,-24.43808
125.0,124.67237,0.3276291
125.0,110.59374,14.406258
118.0,93.79136,24.208641
23.0,47.16576,-24.16576
22.0,28.438946,-6.438946
125.0,108.38677,16.613228
125.0,112.53989,12.460114
87.0,110.608864,-23.608864
125.0,125.02425,-0.024246216
125.0,119.351234,5.6487656
125.0,115.07382,9.926178
125.0,122.644424,2.3555756
1.0,2.9003546,-1.9003546
0.0,0.40881336,-0.40881336
70.0,103.661255,-33.661255
125.0,124.41801,0.5819931
20.0,36.11029,-16.11029
125.0,119.540855,5.4591446
125.0,124.130844,0.8691559
78.0,48.890095,29.109905
85.0,117.064445,-32.064445
79.0,90.61778,-11.617783
125.0,124.113686,0.8863144
8.0,13.9422455,-5.9422455
47.0,43.006817,3.9931831
125.0,100.35995,24.640053
125.0,112.67728,12.322723
125.0,121.17117,3.828827
125.0,109.23767,15.762329
80.0,94.3116,-14.3116
36.0,39.057793,-3.0577927
79.0,123.013824,-44.013824
109.0,112.53625,-3.5362473
14.0,15.211549,-1.2115488
48.0,51.375984,-3.3759842
125.0,104.78667,20.213333
10.0,13.567481,-3.567481
125.0,120.28436,4.715637
71.0,98.8653,-27.865303
105.0,115.768524,-10.768524
125.0,125.10428,-0.104278564
82.0,69.16052,12.839478
29.0,44.90405,-15.904049
40.0,46.14389,-6.1438904
125.0,120.369316,4.630684
32.0,26.931595,5.068405
125.0,120.46802,4.5319824
30.0,54.10829,-24.108292
125.0,99.77771,25.22229
48.0,37.556828,10.443172
125.0,120.84356,4.1564407
74.0,98.49468,-24.494682
125.0,98.447296,26.552704
125.0,124.369675,0.6303253
103.0,111.698875,-8.698875
125.0,125.50251,-0.5025101
22.0,28.677092,-6.6770916
125.0,111.45103,13.548973
125.0,120.68441,4.31559
125.0,96.77789,28.222107
121.0,122.13003,-1.1300278
76.0,69.863304,6.136696
55.0,56.818333,-1.8183327
27.0,54.360165,-27.360165
110.0,119.37284,-9.372841
45.0,38.99359,6.0064087
71.0,117.37387,-46.37387
125.0,116.51765,8.482353
114.0,119.083244,-5.0832443
28.0,31.27256,-3.2725601
89.0,93.49805,-4.498047
114.0,110.538574,3.4614258
22.0,20.001993,1.9980068
63.0,56.202595,6.7974052
94.0,76.427795,17.572205
125.0,111.8173,13.182701
103.0,96.88503,6.1149673
4.0,12.339086,-8.339086
97.0,90.71746,6.2825394
6.0,16.69353,-10.693529
12.0,24.460163,-12.460163
125.0,124.117874,0.88212585
125.0,119.55786,5.4421387
125.0,113.673836,11.326164
41.0,19.80187,21.19813
101.0,104.93164,-3.9316406
66.0,60.09994,5.9000587
101.0,106.24327,-5.243271
121.0,122.79246,-1.7924576
0.0,2.3462698,-2.3462698
125.0,100.85377,24.146233
125.0,126.13603,-1.1360321
125.0,120.58823,4.4117737
125.0,118.55635,6.4436493
125.0,121.60547,3.3945312
91.0,109.34909,-18.34909
125.0,124.68085,0.31915283
23.0,36.90152,-13.90152
125.0,125.53179,-0.5317917
105.0,104.0309,0.96910095
125.0,110.9415,14.058502
101.0,116.64888,-15.64888
125.0,116.44639,8.553612
96.0,106.44387,-10.443871
125.0,123.27375,1.7262497
10.0,11.288237,-1.2882366
125.0,111.73578,13.264221
39.0,51.01396,-12.013962
71.0,82.22188,-11.221878
125.0,117.78226,7.217743
125.0,113.80323,11.19677
5.0,12.078676,-7.078676
125.0,117.41194,7.5880585
67.0,86.652054,-19.652054
21.0,19.369919,1.6300812
125.0,122.87927,2.1207275
9.0,13.659548,-4.659548
125.0,118.646645,6.3533554
125.0,116.914955,8.085045
34.0,29.731459,4.2685413
101.0,114.62976,-13.629761
125.0,107.18872,17.81128
125.0,123.274086,1.725914
112.0,112.45956,-0.45955658
125.0,98.39977,26.600227
125.0,118.919365,6.080635
83.0,68.56398,14.43602
125.0,124.20243,0.7975693
125.0,109.241394,15.758606
125.0,116.8286,8.171402
125.0,117.85737,7.1426315
97.0,99.07151,-2.0715103
125.0,102.95774,22.04226
125.0,123.27261,1.7273865
125.0,117.010254,7.989746
125.0,121.618645,3.3813553
124.0,98.52927,25.470734
106.0,100.18789,5.812111
65.0,91.429955,-26.429955
125.0,126.55139,-1.5513916
59.0,114.26717,-55.267174
95.0,115.312996,-20.312996
125.0,115.98202,9.0179825
106.0,117.66055,-11.660553
125.0,124.67522,0.32478333
43.0,32.63579,10.364208
125.0,120.275856,4.724144
51.0,41.320988,9.679012
81.0,63.412434,17.587566
125.0,123.95443,1.0455704
2.0,5.2884073,-3.2884073
63.0,50.368893,12.631107
125.0,124.098885,0.9011154
62.0,74.28991,-12.289909
125.0,124.30222,0.6977768
104.0,76.165825,27.834175
93.0,98.6529,-5.6529007
125.0,121.63946,3.3605423
35.0,33.908234,1.0917664
125.0,111.512794,13.4872055
125.0,124.130615,0.86938477
123.0,111.59023,11.409767
92.0,79.08449,12.915512
56.0,39.830326,16.169674
47.0,54.505806,-7.505806
125.0,113.94095,11.0590515
125.0,110.42617,14.57383
3.0,8.476749,-5.4767494
125.0,113.63636,11.36364
71.0,44.3338,26.666199
68.0,38.040905,29.959095
6.0,9.922762,-3.922762
125.0,117.8789,7.1211014
125.0,110.1214,14.878601
125.0,123.076485,1.9235153
14.0,17.728395,-3.7283955
116.0,124.11507,-8.115067
94.0,117.12837,-23.128372
125.0,91.423164,33.576836
0.0,5.6846366,-5.6846366
21.0,32.54488,-11.54488
44.0,74.57315,-30.57315
117.0,120.66347,-3.6634674
0.0,-1.1968762,1.1968762
125.0,123.246445,1.7535553
34.0,33.03301,0.9669914
125.0,118.53795,6.4620514
125.0,110.64466,14.355339
125.0,114.917366,10.082634
38.0,35.227097,2.7729034
28.0,27.037981,0.96201897
35.0,32.306576,2.6934242
79.0,65.6609,13.339104
20.0,27.766602,-7.7666016
101.0,119.09721,-18.097214
91.0,86.199165,4.8008347
10.0,14.407326,-4.4073257
125.0,96.26936,28.730637
118.0,77.97151,40.02849
81.0,118.70019,-37.700188
125.0,120.52441,4.4755936
125.0,119.175865,5.824135
12.0,20.386606,-8.386606
8.0,12.457039,-4.457039
4.0,5.1306973,-1.1306973
36.0,30.440773,5.559227
125.0,118.01265,6.9873505
125.0,112.308655,12.691345
124.0,118.33025,5.6697464
125.0,126.47976,-1.4797592
125.0,115.34527,9.654732
25.0,28.25443,-3.2544308
125.0,109.5996,15.400398
69.0,114.64746,-45.64746
83.0,80.25532,2.7446823
125.0,125.33879,-0.3387909
38.0,60.20725,-22.207249
125.0,121.635605,3.3643951
82.0,84.482414,-2.4824142
125.0,100.287766,24.712234
6.0,11.690267,-5.6902666
125.0,116.9277,8.072304
125.0,113.98565,11.014351
45.0,52.071,-7.070999
125.0,125.36499,-0.36499023
125.0,121.256325,3.7436752
12.0,16.473074,-4.473074
23.0,15.579917,7.420083
125.0,119.448906,5.551094
68.0,72.14166,-4.1416626
77.0,112.95158,-35.951576
125.0,110.1895,14.810501
0.0,9.44712,-9.44712
125.0,112.91,12.089996
125.0,120.513885,4.4861145
21.0,20.847841,0.15215874
125.0,119.22548,5.774521
19.0,15.64037,3.3596296
20.0,27.907501,-7.907501
70.0,51.86522,18.13478
125.0,124.61075,0.3892517
5.0,14.5652,-9.5652
125.0,113.05959,11.940407
8.0,15.726686,-7.7266855
125.0,82.685776,42.314224
65.0,115.87984,-50.879837
75.0,62.408627,12.591373
124.0,116.158966,7.841034
125.0,125.36776,-0.3677597
125.0,120.040375,4.9596252
125.0,115.848946,9.151054
52.0,113.32528,-61.32528
125.0,115.41318,9.5868225
91.0,86.938194,4.0618057
10.0,15.684091,-5.6840906
26.0,34.745613,-8.745613
33.0,38.84551,-5.8455086
72.0,52.57446,19.42554
80.0,71.59576,8.404243
125.0,118.12865,6.871353
99.0,75.86406,23.13594
97.0,117.67773,-20.677727
5.0,7.808834,-2.808834
9.0,9.229529,-0.22952938
62.0,104.15873,-42.15873
125.0,107.00631,17.99369
45.0,37.732853,7.267147
125.0,118.56419,6.4358063
125.0,122.703,2.296997
108.0,118.23946,-10.239464
125.0,102.08196,22.918037
121.0,115.11263,5.8873672
125.0,111.64279,13.357208
115.0,78.92349,36.076508
106.0,110.01501,-4.015007
122.0,108.36788,13.632118
65.0,89.19137,-24.191368
0.0,5.12154,-5.12154
125.0,113.42682,11.573181
125.0,98.64957,26.350433
79.0,109.664085,-30.664085
125.0,118.43709,6.562912
70.0,117.23945,-47.23945
124.0,123.34708,0.6529236
89.0,116.349655,-27.349655
118.0,115.65118,2.3488235
71.0,87.61886,-16.618858
125.0,118.18873,6.8112717
125.0,124.90143,0.09857178
13.0,15.949771,-2.949771
125.0,120.69161,4.3083878
58.0,61.08863,-3.0886307
125.0,95.206055,29.793945
125.0,116.244774,8.755226
80.0,49.2352,30.764801
52.0,49.399925,2.6000748
125.0,112.97113,12.02887
125.0,124.97903,0.020973206
96.0,98.043594,-2.0435944
125.0,107.70394,17.296059
125.0,108.98052,16.019478
125.0,105.869354,19.130646
8.0,15.149173,-7.149173
125.0,116.00817,8.991829
109.0,120.48765,-11.487648
125.0,110.089424,14.910576
122.0,117.794685,4.2053146
113.0,87.58257,25.417427
125.0,118.91014,6.089859
125.0,120.382614,4.617386
125.0,124.21436,0.7856369
50.0,48.82931,1.1706886
13.0,15.207187,-2.2071867
85.0,108.04277,-23.04277
124.0,110.17929,13.820709
27.0,27.037796,-0.03779602
64.0,114.23238,-50.232384
125.0,120.6578,4.342201
33.0,50.76882,-17.768822
125.0,96.513596,28.486404
125.0,119.56166,5.438339
26.0,33.53286,-7.53286
71.0,119.29359,-48.293587
70.0,71.842606,-1.8426056
125.0,105.55826,19.441742
125.0,104.36283,20.637169
9.0,9.764693,-0.76469326
124.0,118.31903,5.680969
22.0,29.950897,-7.950897
125.0,119.726944,5.273056
125.0,118.79968,6.2003174
7.0,12.212999,-5.2129993
66.0,50.623177,15.376823
125.0,120.0957,4.904297
56.0,40.38608,15.613918
2.0,3.7248693,-1.7248693
115.0,117.627304,-2.627304
38.0,75.940834,-37.940834
15.0,22.947248,-7.9472485
12.0,12.950871,-0.95087147
125.0,117.60313,7.3968735
79.0,101.53493,-22.534927
125.0,93.185425,31.814575
125.0,125.06102,-0.061019897
125.0,113.59479,11.405212
125.0,119.69567,5.304329
31.0,33.82879,-2.8287888
104.0,63.872673,40.127327
125.0,107.731224,17.268776
125.0,118.143715,6.856285
66.0,110.172585,-44.172585
24.0,21.456339,2.543661
125.0,106.50721,18.49279
116.0,111.53989,4.4601135
125.0,106.3797,18.6203
125.0,123.47489,1.5251083
125.0,124.8685,0.13150024
125.0,123.174034,1.8259659
75.0,69.90403,5.09597
104.0,104.52405,-0.52404785
125.0,117.13347,7.8665314
12.0,9.392324,2.6076756
125.0,113.43146,11.5685425
125.0,116.244194,8.755806
55.0,34.28317,20.716831
65.0,56.504433,8.495567
55.0,113.81449,-58.81449
60.0,99.45069,-39.45069
113.0,112.11954,0.88046265
24.0,37.422802,-13.422802
125.0,114.56261,10.437393
67.0,74.6164,-7.6164017
125.0,103.44326,21.55674
64.0,55.545647,8.454353
125.0,119.49902,5.5009766
118.0,99.45904,18.540962
111.0,98.33317,12.666832
125.0,118.71338,6.286621
103.0,112.51606,-9.51606
107.0,85.98296,21.017036
17.0,19.909042,-2.9090424
125.0,121.69604,3.3039627
102.0,88.9256,13.074402
2.0,4.506975,-2.5069752
111.0,102.928635,8.071365
40.0,39.389862,0.61013794
107.0,110.92034,-3.9203415
113.0,90.193924,22.806076
125.0,115.57843,9.42157
125.0,108.95202,16.047981
48.0,52.664116,-4.664116
36.0,38.260906,-2.2609062
51.0,49.667522,1.3324776
121.0,89.15055,31.84945
115.0,124.7522,-9.752197
125.0,119.942024,5.057976
18.0,26.231583,-8.231583
56.0,87.536,-31.536003
125.0,116.71504,8.284958
101.0,117.88873,-16.888733
125.0,117.26811,7.731888
60.0,61.309616,-1.3096161
125.0,100.245926,24.754074
17.0,20.113237,-3.1132374
125.0,117.23923,7.7607727
125.0,105.408264,19.591736
125.0,124.94103,0.05896759
125.0,111.5812,13.4188
50.0,51.928352,-1.9283524
125.0,120.121735,4.8782654
92.0,82.77762,9.222382
58.0,72.398186,-14.398186
125.0,117.47756,7.522438
45.0,47.444916,-2.4449158
125.0,122.952965,2.0470352
29.0,28.495125,0.5048752
125.0,117.534485,7.465515
125.0,114.260475,10.739525
108.0,80.84971,27.150291
76.0,72.03886,3.9611435
20.0,33.17647,-13.176472
125.0,123.45341,1.5465927
125.0,122.34615,2.6538467
16.0,29.94905,-13.949051
125.0,123.36119,1.6388092
124.0,113.223366,10.776634
65.0,49.38394,15.616058
125.0,121.39656,3.6034393
57.0,49.565823,7.4341774
125.0,100.61085,24.389153
125.0,124.10689,0.8931122
125.0,121.5796,3.4204025
125.0,98.679855,26.320145
65.0,59.053185,5.9468155
125.0,114.50072,10.499283
82.0,116.32164,-34.32164
125.0,115.24908,9.750923
125.0,122.77524,2.224762
125.0,123.75325,1.2467499
6.0,16.649992,-10.649992
125.0,119.40318,5.596817
86.0,70.41616,15.583839
87.0,107.21344,-20.21344
124.0,121.40149,2.5985107
125.0,123.76238,1.2376175
18.0,26.412327,-8.412327
18.0,26.724174,-8.7241745
83.0,78.29556,4.7044373
125.0,104.162415,20.837585
107.0,110.113976,-3.1139755
100.0,83.57576,16.42424
125.0,112.702545,12.297455
125.0,113.74821,11.251793
32.0,21.720938,10.279062
34.0,112.69828,-78.69828
125.0,123.27831,1.7216873
73.0,100.14741,-27.147408
119.0,118.982925,0.017074585
125.0,105.8947,19.1053
125.0,120.518265,4.481735
22.0,31.776413,-9.776413
78.0,105.227394,-27.227394
113.0,105.88649,7.11351
64.0,58.311527,5.6884727
27.0,24.615105,2.3848953
91.0,109.48527,-18.485268
125.0,117.39086,7.6091385
125.0,119.5088,5.4912033
125.0,118.987206,6.0127945
125.0,113.7105,11.289497
122.0,123.95553,-1.9555283
125.0,118.888695,6.111305
40.0,96.23066,-56.23066
116.0,98.048035,17.951965
25.0,28.728735,-3.728735
2.0,7.441491,-5.441491
54.0,117.0858,-63.0858
23.0,30.986889,-7.986889
74.0,59.42586,14.574139
125.0,112.21346,12.786537
25.0,42.76002,-17.760021
115.0,111.80363,3.196373
116.0,116.31476,-0.3147583
119.0,95.393974,23.606026
105.0,111.079346,-6.0793457
125.0,108.431725,16.568275
12.0,13.050202,-1.0502024
48.0,30.766975,17.233025
125.0,108.80791,16.192093
125.0,127.58511,-2.5851135
7.0,18.682487,-11.6824875
75.0,82.18937,-7.189369
119.0,121.74162,-2.741623
104.0,97.23032,6.769676
82.0,62.881523,19.118477
7.0,14.080331,-7.080331
100.0,107.048744,-7.048744
123.0,89.112686,33.887314
125.0,103.42414,21.57586
43.0,37.09691,5.9030914
107.0,110.59398,-3.593979
34.0,44.589493,-10.589493
104.0,116.90318,-12.903183
33.0,64.83409,-31.834091
125.0,97.990524,27.009476
125.0,124.94116,0.05883789
33.0,42.220203,-9.220203
125.0,100.92541,24.074593
46.0,86.80731,-40.807312
29.0,26.960354,2.0396461
125.0,107.58887,17.411133
125.0,113.810165,11.189835
91.0,103.13695,-12.136948
110.0,114.915924,-4.915924
50.0,48.985664,1.0143356
66.0,94.31192,-28.31192
37.0,31.022099,5.9779015
125.0,124.2076,0.79239655
24.0,30.396177,-6.3961773
125.0,125.77543,-0.7754288
50.0,58.244133,-8.244133
54.0,58.018444,-4.018444
120.0,96.56207,23.437927
93.0,115.52368,-22.523682
25.0,38.24315,-13.243149
94.0,122.86075,-28.860748
62.0,72.30891,-10.308907
54.0,55.123646,-1.1236458
125.0,114.01367,10.986328
101.0,100.248024,0.751976
52.0,79.145294,-27.145294
125.0,121.44962,3.550377
125.0,121.567024,3.4329758
125.0,121.60737,3.3926315
83.0,49.369457,33.630543
109.0,117.801605,-8.801605
17.0,21.944664,-4.944664
125.0,86.52736,38.47264
125.0,76.72969,48.27031
125.0,111.83292,13.167084
47.0,46.96568,0.03432083
125.0,116.62109,8.378906
37.0,47.48247,-10.482471
122.0,114.436005,7.5639954
76.0,116.84784,-40.84784
125.0,122.35611,2.6438904
30.0,35.774467,-5.7744675
122.0,116.41427,5.5857315
98.0,111.74543,-13.74543
125.0,110.83145,14.168549
125.0,116.853386,8.146614
125.0,114.81676,10.183243
95.0,92.866844,2.1331558
10.0,6.7861266,3.2138734
27.0,22.343714,4.6562862
125.0,122.009384,2.9906158
125.0,119.41211,5.5878906
125.0,116.90499,8.095009
125.0,114.48729,10.512711
125.0,115.27224,9.72776
60.0,42.388577,17.611423
54.0,44.32884,9.671162
125.0,114.49794,10.50206
72.0,71.95318,0.046821594
125.0,124.5183,0.48169708
111.0,115.33942,-4.3394165
110.0,120.851425,-10.851425
115.0,123.32995,-8.329948
56.0,49.154892,6.845108
61.0,57.123318,3.8766823
62.0,90.51808,-28.518082
125.0,120.89758,4.102417
125.0,114.17417,10.825829
125.0,125.19994,-0.19994354
33.0,31.15431,1.8456898
4.0,7.6512804,-3.6512804
92.0,84.21662,7.7833786
14.0,22.131655,-8.131655
125.0,117.05749,7.9425125
41.0,47.655502,-6.6555023
27.0,25.76654,1.2334595
63.0,63.004017,-0.004016876
37.0,33.9835,3.0164986
42.0,103.76454,-61.76454
79.0,113.49595,-34.49595
36.0,29.657793,6.342207
8.0,18.265345,-10.265345
125.0,122.60547,2.3945312
48.0,70.487,-22.487
125.0,110.71575,14.284248
105.0,111.97345,-6.9734497
21.0,25.55203,-4.5520306
125.0,111.307755,13.6922455
125.0,116.25259,8.747414
125.0,98.862335,26.137665
125.0,102.18265,22.817352
73.0,91.47935,-18.479347
125.0,125.77635,-0.7763519
96.0,108.044044,-12.0440445
125.0,115.5975,9.402496
24.0,29.678059,-5.6780586
55.0,50.128086,4.871914
125.0,123.26215,1.7378464
106.0,80.16896,25.83104
1.0,4.6078415,-3.6078415
52.0,54.76737,-2.7673683
10.0,21.823515,-11.823515
125.0,109.12808,15.871918
103.0,115.895424,-12.895424
96.0,111.41338,-15.4133835
99.0,118.83758,-19.837578
32.0,34.24659,-2.2465897
125.0,126.96044,-1.9604416
125.0,117.39564,7.6043625
125.0,123.04303,1.9569702
125.0,107.746185,17.253815
113.0,111.28518,1.7148209
21.0,23.985706,-2.9857063
125.0,114.26035,10.739647
124.0,114.6266,9.373398
125.0,116.86029,8.139709
47.0,105.04788,-58.047882
125.0,103.432106,21.567894
72.0,99.31195,-27.31195
73.0,47.938232,25.061768
59.0,83.00053,-24.000526
125.0,123.374504,1.6254959
93.0,111.803314,-18.803314
12.0,16.095936,-4.095936
125.0,124.81314,0.18685913
94.0,107.62759,-13.627586
4.0,6.323539,-2.3235388
49.0,40.324306,8.6756935
92.0,93.90291,-1.9029083
116.0,71.689445,44.310555
125.0,102.84665,22.15335
105.0,72.22124,32.778763
6.0,9.066209,-3.0662088
106.0,92.040764,13.959236
125.0,99.89743,25.10257
124.0,108.82842,15.171577
125.0,116.28279,8.717209
40.0,38.544865,1.4551353
38.0,51.74019,-13.740189
125.0,114.78955,10.210449
125.0,114.42931,10.570686
125.0,120.06587,4.934128
125.0,124.96689,0.033111572
125.0,110.76554,14.234459
34.0,28.950346,5.049654
123.0,111.89499,11.105011
125.0,116.00632,8.993683
78.0,106.1454,-28.145401
44.0,60.945614,-16.945614
114.0,90.75255,23.247452
72.0,63.59872,8.401279
94.0,85.569885,8.430115
125.0,112.95122,12.048782
88.0,74.28735,13.7126465
125.0,124.56528,0.4347229
125.0,116.36948,8.630524
77.0,111.01935,-34.01935
125.0,123.794785,1.2052155
125.0,123.973335,1.0266647
104.0,108.27616,-4.276161
49.0,59.006977,-10.006977
125.0,115.01136,9.98864
26.0,27.931702,-1.9317017
52.0,49.309544,2.6904564
125.0,124.42972,0.570282
125.0,118.657776,6.342224
125.0,121.64771,3.3522873
42.0,48.361935,-6.3619347
13.0,22.388853,-9.388853
125.0,119.53779,5.4622116
110.0,124.287285,-14.287285
18.0,25.599834,-7.5998344
117.0,117.867744,-0.86774445
28.0,41.74233,-13.742329
11.0,12.638718,-1.6387177
123.0,124.47892,-1.47892
125.0,123.89302,1.1069794
125.0,118.561935,6.4380646
118.0,117.39993,0.60006714
125.0,125.3711,-0.37110138
19.0,21.121143,-2.1211433
97.0,123.111465,-26.111465
125.0,122.0069,2.993103
125.0,123.259056,1.7409439
125.0,123.084694,1.9153061
4.0,6.16505,-2.16505
25.0,27.091541,-2.0915413
22.0,32.165127,-10.165127
24.0,15.921831,8.078169
125.0,120.737495,4.2625046
46.0,52.978428,-6.978428
47.0,41.68229,5.317711
118.0,108.77602,9.223984
105.0,109.15147,-4.1514664
3.0,9.122282,-6.122282
99.0,81.33552,17.664482
18.0,21.636612,-3.636612
111.0,113.95179,-2.9517899
125.0,114.05563,10.944366
91.0,115.34429,-24.344292
16.0,13.44591,2.5540895
125.0,114.93957,10.060432
125.0,123.03282,1.9671783
125.0,122.07644,2.923561
39.0,36.856255,2.1437454
125.0,116.89225,8.10775
26.0,53.389744,-27.389744
125.0,114.740715,10.259285
125.0,118.38127,6.6187286
125.0,114.48818,10.511818
81.0,89.41893,-8.41893
125.0,86.404495,38.595505
125.0,125.285286,-0.28528595
95.0,114.506516,-19.506516
125.0,79.42852,45.57148
125.0,120.736404,4.2635956
125.0,119.895874,5.104126
17.0,21.300097,-4.3000965
125.0,117.501366,7.4986343
51.0,57.71948,-6.7194786
74.0,66.32475,7.675247
110.0,116.6188,-6.6187973
125.0,119.517525,5.4824753
71.0,51.999706,19.000294
82.0,118.529724,-36.529724
125.0,123.14677,1.8532333
96.0,102.47468,-6.474678
92.0,118.85491,-26.854912
92.0,120.54123,-28.54123
15.0,16.873703,-1.873703
125.0,123.34466,1.6553421
95.0,83.0151,11.984901
125.0,124.26935,0.73065186
125.0,115.248474,9.751526
79.0,108.72195,-29.721947
65.0,71.688644,-6.6886444
125.0,115.19535,9.804649
125.0,124.411766,0.58823395
125.0,121.757416,3.2425842
125.0,125.4078,-0.40779877
125.0,120.50252,4.4974823
125.0,117.76525,7.234749
125.0,118.58233,6.417671
36.0,48.700558,-12.700558
66.0,71.42167,-5.421669
125.0,123.357864,1.6421356
71.0,105.5987,-34.5987
74.0,50.41551,23.584492
60.0,50.1585,9.841499
122.0,116.253815,5.7461853
125.0,118.21123,6.7887726
125.0,123.47673,1.5232697
125.0,119.96273,5.0372696
110.0,95.90511,14.094887
125.0,117.87682,7.1231766
107.0,114.93964,-7.939636
119.0,125.06205,-6.06205
121.0,109.64598,11.354019
18.0,15.762034,2.2379656
125.0,116.53306,8.466942
37.0,30.933115,6.066885
32.0,36.84652,-4.8465195
86.0,97.46068,-11.460678
61.0,93.36003,-32.36003
117.0,76.71917,40.28083
125.0,122.07762,2.9223785
82.0,111.49121,-29.49121
36.0,50.989605,-14.989605
125.0,113.52163,11.478371
124.0,93.98029,30.019707
120.0,107.61724,12.382759
125.0,121.9306,3.069397
22.0,24.692259,-2.6922588
67.0,79.40547,-12.405472
125.0,124.2293,0.77069855
28.0,67.25226,-39.25226
125.0,108.60109,16.39891
49.0,75.09834,-26.098343
125.0,112.61799,12.382011
125.0,123.55513,1.44487
125.0,115.49584,9.504158
55.0,41.33988,13.660118
125.0,110.08066,14.919342
39.0,32.20407,6.795929
125.0,85.29044,39.709557
5.0,11.192355,-6.192355
92.0,56.37818,35.62182
18.0,21.87059,-3.8705902
97.0,91.20529,5.7947083
69.0,113.36106,-44.36106
10.0,6.8532863,3.1467137
67.0,44.40552,22.594479
65.0,91.31497,-26.314972
125.0,104.06797,20.93203
125.0,120.279465,4.7205353
65.0,67.50218,-2.502182
87.0,111.52124,-24.52124
121.0,122.04948,-1.0494766
125.0,116.81443,8.18557
15.0,27.46468,-12.46468
125.0,118.2226,6.777397
18.0,19.954569,-1.9545689
36.0,34.465054,1.5349464
125.0,118.44291,6.5570908
94.0,120.69363,-26.693626
15.0,21.15959,-6.15959
122.0,118.23987,3.7601318
125.0,125.81039,-0.81038666
125.0,124.49128,0.5087204
125.0,122.51118,2.488823
104.0,121.257614,-17.257614
30.0,33.787346,-3.787346
8.0,11.311255,-3.3112555
74.0,65.76668,8.233322
125.0,122.51326,2.48674
76.0,113.26265,-37.26265
80.0,64.43453,15.565468
125.0,123.05158,1.9484177
125.0,123.133316,1.866684
37.0,30.602932,6.397068
76.0,109.47307,-33.47307
105.0,78.30423,26.69577
76.0,59.804264,16.195736
115.0,116.40671,-1.4067078
125.0,110.289085,14.710915
124.0,122.96152,1.0384827
125.0,121.647865,3.3521347
125.0,124.62041,0.3795929
125.0,110.938614,14.061386
125.0,103.6859,21.314102
98.0,98.85646,-0.8564606
95.0,94.79909,0.20091248
37.0,24.464083,12.535917
125.0,125.4123,-0.4123001
73.0,118.66623,-45.66623
113.0,91.30303,21.696968
125.0,116.981316,8.018684
109.0,71.95569,37.04431
108.0,98.40279,9.597214
67.0,56.854744,10.145256
121.0,115.70895,5.291054
78.0,52.393116,25.606884
92.0,106.078415,-14.078415
15.0,33.758266,-18.758266
29.0,24.724115,4.2758846
125.0,116.902756,8.097244
71.0,111.31849,-40.31849
57.0,115.08626,-58.086258
3.0,14.011428,-11.011428
116.0,115.17769,0.8223114
125.0,121.6943,3.3057022
125.0,121.45777,3.5422287
49.0,115.09472,-66.09472
125.0,90.396645,34.603355
54.0,108.4321,-54.4321
125.0,108.0885,16.911499
97.0,102.92677,-5.926773
66.0,100.98709,-34.98709
115.0,108.41417,6.5858307
9.0,16.145515,-7.1455154
53.0,42.59606,10.403938
118.0,116.163,1.836998
64.0,79.87665,-15.876648
123.0,108.266266,14.733734
70.0,87.6347,-17.634697
125.0,116.386055,8.613945
125.0,120.81277,4.187233
92.0,107.95432,-15.954323
102.0,119.76689,-17.766891
125.0,124.52259,0.47740936
50.0,56.91807,-6.9180717
125.0,114.87406,10.125938
125.0,113.97084,11.02916
125.0,113.674225,11.325775
12.0,7.7669325,4.2330675
58.0,61.700497,-3.7004967
31.0,35.343163,-4.3431625
125.0,125.93226,-0.9322586
75.0,78.16072,-3.1607208
125.0,125.804306,-0.80430603
125.0,119.281265,5.7187347
125.0,122.487885,2.5121155
125.0,116.72288,8.2771225
76.0,56.722034,19.277966
62.0,45.587276,16.412724
48.0,66.55523,-18.55523
34.0,58.578175,-24.578175
106.0,121.335625,-15.335625
114.0,100.75578,13.244217
74.0,113.61681,-39.616814
123.0,92.588425,30.411575
125.0,118.72083,6.279167
55.0,80.58096,-25.580963
58.0,75.59085,-17.59085
74.0,115.5614,-41.5614
48.0,101.892365,-53.892365
16.0,26.038439,-10.038439
91.0,74.14938,16.850616
125.0,97.05767,27.94233
125.0,120.82903,4.170967
125.0,119.06553,5.934471
125.0,109.660355,15.339645
74.0,112.58355,-38.58355
22.0,28.605358,-6.605358
59.0,92.719376,-33.719376
107.0,113.95327,-6.95327
125.0,113.217896,11.7821045
125.0,98.271675,26.728325
125.0,95.99971,29.00029
40.0,79.83548,-39.83548
125.0,122.773445,2.2265549
115.0,111.47292,3.5270767
125.0,121.199615,3.8003845
125.0,125.17185,-0.17185211
124.0,118.926094,5.073906
105.0,106.791016,-1.7910156
125.0,85.06365,39.936348
125.0,116.97073,8.029266
56.0,72.23959,-16.239594
74.0,115.63608,-41.636078
96.0,103.0293,-7.029297
125.0,116.99206,8.007942
104.0,94.338524,9.661476
21.0,39.789185,-18.789185
125.0,116.07127,8.928726
125.0,102.42048,22.579521
125.0,118.65494,6.3450623
2.0,6.115027,-4.115027
114.0,86.09015,27.909851
23.0,24.83221,-1.8322105
110.0,81.63735,28.362648
22.0,25.551777,-3.551777
62.0,44.765694,17.234306
125.0,124.721085,0.2789154
113.0,83.40146,29.598541
119.0,104.356094,14.643906
125.0,112.939445,12.0605545
84.0,98.684044,-14.684044
125.0,93.1511,31.8489
59.0,60.73512,-1.7351189
0.0,5.1672163,-5.1672163
85.0,64.92366,20.07634
52.0,40.496788,11.503212
33.0,28.020329,4.9796715
105.0,117.58023,-12.580231
67.0,65.382286,1.6177139
125.0,105.889946,19.110054
110.0,117.871475,-7.871475
111.0,118.369,-7.3690033
2.0,8.5954075,-6.5954075
125.0,118.701645,6.298355
48.0,43.754704,4.2452965
85.0,122.73835,-37.73835
125.0,67.92809,57.071907
79.0,120.80777,-41.80777
125.0,122.66508,2.3349228
125.0,119.71191,5.2880936
60.0,77.67009,-17.67009
125.0,125.19643,-0.19642639
125.0,120.70494,4.295059
125.0,123.900925,1.0990753
125.0,82.4694,42.5306
121.0,103.71516,17.284843
67.0,67.54826,-0.54826355
125.0,114.80263,10.197372
125.0,116.72325,8.276749
125.0,117.57949,7.4205093
65.0,61.474754,3.5252457
109.0,76.174126,32.825874
49.0,36.97419,12.02581
125.0,123.078804,1.921196
125.0,120.44315,4.5568466
125.0,119.57213,5.4278717
123.0,113.82534,9.17466
66.0,77.846146,-11.846146
96.0,109.3972,-13.397202
119.0,124.40456,-5.4045563
125.0,122.37045,2.629547
68.0,67.52324,0.47676086
45.0,101.2753,-56.2753
57.0,91.85499,-34.85499
123.0,122.25819,0.74181366
1.0,3.7858524,-2.7858524
125.0,121.20264,3.7973633
39.0,27.160812,11.839188
125.0,107.8067,17.193298
93.0,106.701004,-13.701004
23.0,27.900074,-4.900074
69.0,95.33991,-26.339912
125.0,118.59035,6.4096527
43.0,85.98313,-42.98313
120.0,114.80954,5.19046
125.0,113.94285,11.057152
23.0,14.091644,8.908356
115.0,119.77543,-4.775429
15.0,29.173742,-14.173742
125.0,122.96639,2.0336075
113.0,113.65976,-0.6597595
39.0,29.901068,9.098932
125.0,116.19932,8.800682
125.0,115.5343,9.465698
26.0,31.305119,-5.3051186
96.0,74.346214,21.653786
125.0,118.02673,6.9732666
125.0,115.6771,9.322899
77.0,109.3101,-32.310097
125.0,91.24231,33.75769
21.0,29.860285,-8.860285
53.0,55.95144,-2.951439
125.0,113.81647,11.183533
0.0,5.405307,-5.405307
3.0,7.5794497,-4.5794497
125.0,78.310295,46.689705
125.0,111.86762,13.132378
125.0,124.90186,0.0981369
12.0,14.782004,-2.7820044
124.0,125.174644,-1.1746445
9.0,13.889674,-4.889674
44.0,35.624146,8.3758545
115.0,103.344124,11.655876
46.0,117.259285,-71.259285
90.0,108.215126,-18.215126
125.0,120.766754,4.233246
125.0,121.315384,3.684616
58.0,51.948612,6.051388
104.0,116.12684,-12.126839
21.0,23.181,-2.1809998
90.0,104.93361,-14.933609
125.0,109.72314,15.276863
52.0,69.49218,-17.49218
110.0,66.40965,43.590347
22.0,37.293316,-15.293316
79.0,104.42995,-25.429947
125.0,125.00355,-0.0035476685
29.0,38.16644,-9.166439
54.0,76.03036,-22.030357
59.0,62.101353,-3.1013527
102.0,70.40863,31.59137
125.0,113.72409,11.275909
3.0,8.64495,-5.64495
109.0,66.56632,42.433678
20.0,32.657608,-12.657608
31.0,34.21534,-3.2153397
101.0,82.37496,18.625038
23.0,17.186438,5.8135624
125.0,112.74382,12.25618
125.0,120.00111,4.9988937
125.0,123.566826,1.4331741
125.0,108.04114,16.958862
113.0,83.45832,29.54168
125.0,119.39542,5.6045837
125.0,118.16864,6.83136
110.0,101.59799,8.402008
125.0,116.607056,8.392944
36.0,27.113892,8.886108
125.0,119.049446,5.950554
117.0,69.84345,47.156548
125.0,116.79322,8.2067795
125.0,120.3447,4.6552963
105.0,54.533676,50.466324
20.0,19.662987,0.33701324
125.0,122.70986,2.2901382
116.0,77.247154,38.752846
125.0,84.58151,40.418488
86.0,82.820015,3.179985
125.0,118.96281,6.0371933
125.0,121.47911,3.5208893
98.0,110.46866,-12.468658
110.0,115.60965,-5.6096497
125.0,113.47994,11.520058
59.0,85.865364,-26.865364
97.0,111.925125,-14.925125
23.0,30.286663,-7.286663
76.0,103.55265,-27.55265
54.0,44.442703,9.557297
58.0,107.84676,-49.846764
75.0,115.692795,-40.692795
5.0,5.9550776,-0.95507765
45.0,49.815876,-4.815876
114.0,90.1177,23.882301
125.0,114.78123,10.218773
34.0,52.227257,-18.227257
89.0,67.048744,21.951256
90.0,101.951706,-11.951706
125.0,105.35788,19.64212
125.0,113.08723,11.912773
89.0,110.97573,-21.97573
125.0,114.56735,10.432648
125.0,121.13929,3.8607101
37.0,41.10183,-4.1018295
125.0,113.86268,11.137321
94.0,114.502106,-20.502106
103.0,104.37965,-1.3796463
125.0,116.97494,8.025063
75.0,117.03465,-42.034653
94.0,66.720314,27.279686
125.0,116.64122,8.35878
82.0,100.919,-18.918999
48.0,47.4649,0.535099
125.0,122.77872,2.221283
121.0,77.45633,43.54367
117.0,106.667175,10.332825
86.0,93.04241,-7.042412
125.0,117.10413,7.8958664
16.0,20.833786,-4.833786
125.0,101.3773,23.622704
22.0,24.372343,-2.372343
29.0,42.713337,-13.713337
114.0,116.72771,-2.727707
125.0,115.67674,9.323257
125.0,119.19611,5.8038864
125.0,118.37881,6.621193
42.0,69.01982,-27.019821
50.0,83.462265,-33.462265
125.0,121.73767,3.262329
125.0,117.614555,7.3854446
125.0,112.747986,12.252014
26.0,22.288937,3.7110634
53.0,41.799583,11.200417
125.0,120.873985,4.1260147
111.0,118.62802,-7.6280212
125.0,100.29447,24.705528
122.0,118.07942,3.920578
22.0,28.056156,-6.056156
36.0,37.18157,-1.1815681
10.0,13.299622,-3.2996216
15.0,22.21711,-7.2171097
74.0,63.246326,10.753674
45.0,51.609516,-6.609516
125.0,100.19549,24.804512
50.0,51.164196,-1.164196
58.0,54.69285,3.3071518
125.0,121.91029,3.0897064
112.0,122.04494,-10.044937
99.0,122.723656,-23.723656
125.0,116.29344,8.706558
125.0,116.67339,8.326607
102.0,103.85813,-1.8581314
76.0,96.68522,-20.685219
125.0,113.27315,11.726852
31.0,48.682655,-17.682655
74.0,116.988945,-42.988945
125.0,117.43458,7.565422
122.0,92.002716,29.997284
125.0,115.388855,9.611145
63.0,114.537605,-51.537605
111.0,101.78821,9.211792
88.0,71.09676,16.903236
57.0,101.608665,-44.608665
125.0,107.070694,17.929306
125.0,112.01157,12.988426
68.0,81.49012,-13.49012
56.0,60.705067,-4.7050667
26.0,30.902122,-4.9021225
45.0,44.487484,0.512516
106.0,67.42852,38.57148
51.0,72.12138,-21.121384
125.0,123.67692,1.323082
82.0,108.02245,-26.022453
125.0,124.69333,0.30667114
125.0,123.78252,1.2174835
113.0,117.9783,-4.978302
125.0,126.06233,-1.0623322
80.0,68.0138,11.986198
125.0,117.69679,7.3032074
51.0,42.445076,8.554924
73.0,70.97965,2.0203476
67.0,100.53637,-33.53637
125.0,122.855095,2.144905
125.0,108.75318,16.246819
11.0,14.381811,-3.3818111
116.0,86.02789,29.972107
119.0,85.214554,33.785446
125.0,121.24999,3.7500076
125.0,82.17534,42.82466
48.0,58.46146,-10.46146
2.0,4.9402304,-2.9402304
125.0,120.7279,4.2721024
125.0,120.775276,4.224724
68.0,106.59443,-38.59443
81.0,99.62358,-18.62358
125.0,125.54977,-0.54976654
125.0,120.843994,4.156006
13.0,21.474648,-8.4746475
125.0,122.14728,2.8527222
125.0,122.32103,2.6789703
93.0,110.60968,-17.60968
82.0,93.11141,-11.111412
125.0,112.243286,12.756714
18.0,25.740358,-7.7403584
39.0,74.57368,-35.573677
33.0,86.57027,-53.570267
119.0,118.84271,0.1572876
27.0,46.298687,-19.298687
125.0,122.02632,2.9736786
125.0,101.61965,23.380348
71.0,50.091858,20.908142
75.0,68.14502,6.8549805
64.0,88.03515,-24.035149
125.0,118.67737,6.322632
64.0,110.28616,-46.286163
125.0,112.70093,12.299072
125.0,122.903854,2.0961456
125.0,108.06122,16.938782
70.0,77.07748,-7.0774765
125.0,121.96128,3.0387192
125.0,113.03863,11.961372
105.0,110.47049,-5.4704895
62.0,66.69511,-4.6951065
125.0,116.72431,8.275688
24.0,74.19164,-50.191643
85.0,104.601166,-19.601166
125.0,112.52565,12.47435
125.0,115.024345,9.975655
32.0,54.416016,-22.416016
125.0,116.02535,8.9746475
77.0,60.576893,16.423107
70.0,61.427372,8.572628
33.0,28.630136,4.3698635
125.0,126.02958,-1.0295792
45.0,56.22946,-11.229462
99.0,117.2838,-18.283798
79.0,116.113525,-37.113525
84.0,118.88449,-34.88449
125.0,121.45849,3.5415115
49.0,60.775322,-11.775322
125.0,117.026405,7.9735947
125.0,122.7595,2.2405014
76.0,94.589424,-18.589424
58.0,59.992096,-1.992096
109.0,114.40834,-5.4083405
125.0,118.78475,6.215248
125.0,124.86172,0.13828278
125.0,110.667656,14.332344
125.0,125.725685,-0.7256851
83.0,76.0161,6.983902
4.0,10.056291,-6.0562906
125.0,116.85151,8.148491
27.0,37.20986,-10.209862
125.0,125.51028,-0.5102768
110.0,89.9346,20.0654
125.0,122.30267,2.6973267
9.0,20.931654,-11.931654
52.0,69.242615,-17.242615
76.0,65.737946,10.262054
39.0,36.90913,2.09087
121.0,93.80825,27.19175
9.0,14.5226755,-5.5226755
125.0,113.66336,11.336639
6.0,15.651405,-9.651405
24.0,31.428537,-7.4285374
125.0,118.78348,6.216522
125.0,116.779625,8.220375
125.0,100.779655,24.220345
125.0,115.28821,9.711792
125.0,93.91529,31.08471
125.0,114.24642,10.753578
20.0,30.276577,-10.276577
25.0,28.252047,-3.2520466
36.0,100.791534,-64.791534
125.0,121.14922,3.8507767
125.0,125.51004,-0.5100403
104.0,120.0842,-16.084198
125.0,114.95815,10.041847
80.0,86.6053,-6.605301
26.0,30.406466,-4.4064655
73.0,59.116734,13.883266
78.0,93.343925,-15.343925
73.0,110.93068,-37.93068
125.0,73.25257,51.74743
84.0,119.38095,-35.38095
4.0,6.90718,-2.9071798
122.0,106.5335,15.466499
28.0,35.839794,-7.839794
125.0,123.84834,1.1516571
88.0,49.482056,38.517944
31.0,29.472597,1.5274029
125.0,106.13757,18.862427
79.0,55.170315,23.829685
92.0,76.22494,15.775063
5.0,4.246369,0.7536311
31.0,108.315414,-77.315414
125.0,124.71893,0.2810669
85.0,71.80666,13.1933365
57.0,66.96707,-9.967072
125.0,118.19695,6.803047
125.0,115.6268,9.373199
83.0,115.0973,-32.097298
125.0,116.24481,8.755188
86.0,110.02712,-24.027122
125.0,96.97212,28.027878
125.0,127.51295,-2.512947
125.0,118.55841,6.4415894
14.0,22.266418,-8.266418
63.0,74.19299,-11.192993
82.0,118.2258,-36.2258
125.0,122.880455,2.119545
125.0,122.37045,2.629547
30.0,66.73603,-36.73603
28.0,22.497252,5.5027485
86.0,113.13313,-27.133133
37.0,28.392921,8.607079
125.0,105.25814,19.74186
28.0,20.496752,7.503248
44.0,45.366676,-1.3666763
41.0,34.044373,6.9556274
44.0,31.274237,12.725763
74.0,56.441463,17.558537
8.0,15.42335,-7.4233503
15.0,18.998579,-3.998579
125.0,119.070526,5.929474
125.0,110.42632,14.573677
94.0,115.828964,-21.828964
20.0,22.613455,-2.6134548
125.0,122.38926,2.6107407
11.0,18.768034,-7.768034
125.0,115.021515,9.978485
49.0,37.41366,11.586342
78.0,94.76246,-16.762459
36.0,36.42922,-0.4292183
125.0,101.97454,23.02546
125.0,115.81984,9.1801605
108.0,100.50333,7.4966736
111.0,117.7446,-6.7445984
106.0,113.027885,-7.0278854
63.0,91.92465,-28.924652
47.0,47.986584,-0.9865837
79.0,117.7461,-38.7461
62.0,40.529377,21.470623
44.0,35.115303,8.884697
38.0,54.262207,-16.262207
106.0,74.53604,31.463959
125.0,125.078545,-0.07854462
125.0,121.61271,3.387291
113.0,96.670586,16.329414
14.0,18.768358,-4.768358
125.0,110.82211,14.177887
125.0,114.418465,10.581535
10.0,13.505809,-3.5058088
96.0,104.06138,-8.0613785
33.0,22.820827,10.1791725
15.0,18.927555,-3.927555
125.0,120.79165,4.208351
125.0,122.666954,2.333046
112.0,86.512344,25.487656
125.0,114.81132,10.188683
125.0,121.33969,3.6603088
125.0,119.05897,5.9410324
57.0,102.59615,-45.596153
94.0,116.36791,-22.367912
125.0,115.69339,9.30661
3.0,8.016527,-5.016527
22.0,33.552532,-11.552532
100.0,73.65053,26.349472
125.0,79.28447,45.71553
46.0,46.421734,-0.42173386
125.0,107.11463,17.885368
43.0,33.042675,9.957325
84.0,82.23139,1.7686081
98.0,119.00495,-21.004951
54.0,82.15784,-28.157837
122.0,105.13819,16.861809
87.0,115.38102,-28.38102
125.0,123.83741,1.16259
125.0,101.12569,23.874313
2.0,3.5565047,-1.5565047
87.0,111.376526,-24.376526
125.0,123.01687,1.9831314
125.0,107.56615,17.433853
23.0,34.30064,-11.30064
54.0,37.19832,16.801682
34.0,31.152847,2.8471527
125.0,113.874596,11.125404
62.0,96.651794,-34.651794
22.0,31.127449,-9.127449
125.0,121.79591,3.2040863
112.0,121.768654,-9.768654
114.0,91.32511,22.674889
125.0,115.38689,9.613113
125.0,118.44654,6.553459
54.0,39.317234,14.682766
79.0,104.994774,-25.994774
125.0,124.00298,0.9970169
116.0,87.96513,28.034866
125.0,119.13888,5.861122
6.0,14.242403,-8.242403
8.0,16.583712,-8.583712
89.0,112.72536,-23.725357
2.0,10.713145,-8.713145
44.0,61.018806,-17.018806
106.0,120.48819,-14.48819
66.0,85.283264,-19.283264
50.0,47.08227,2.9177284
82.0,105.25174,-23.25174
85.0,112.12206,-27.122063
125.0,116.69138,8.308617
55.0,106.93343,-51.933434
125.0,110.04712,14.952881
41.0,41.797302,-0.79730225
36.0,66.99887,-30.99887
18.0,22.955223,-4.955223
2.0,4.1157713,-2.1157713
110.0,110.59335,-0.5933533
2.0,7.343173,-5.343173
106.0,108.74362,-2.7436218
121.0,114.020294,6.979706
1.0,2.6511102,-1.6511102
32.0,44.977448,-12.9774475
94.0,117.51891,-23.518913
89.0,77.32881,11.671188
125.0,111.25116,13.74884
17.0,12.841604,4.158396
38.0,38.44181,-0.4418106
110.0,117.171486,-7.171486
93.0,95.0943,-2.0942993
116.0,116.498566,-0.49856567
45.0,33.880314,11.119686
91.0,67.39179,23.608208
125.0,110.70253,14.29747
35.0,32.071003,2.928997
125.0,112.74016,12.259842
48.0,72.2488,-24.248802
91.0,106.17297,-15.172974
39.0,30.935152,8.064848
22.0,35.145386,-13.145386
125.0,115.14975,9.85025
16.0,11.658121,4.341879
89.0,87.3394,1.6605988
79.0,60.128895,18.871105
125.0,114.06462,10.935379
0.0,3.8023143,-3.8023143
103.0,115.539444,-12.539444
125.0,84.45099,40.54901
18.0,18.474215,-0.47421455
35.0,67.27313,-32.273132
125.0,115.77603,9.2239685
41.0,31.754553,9.245447
99.0,121.6257,-22.625702
101.0,116.79158,-15.79158
79.0,92.47461,-13.474609
125.0,110.39129,14.608711
125.0,119.68679,5.3132095
57.0,94.970116,-37.970116
125.0,111.161934,13.838066
15.0,17.312237,-2.3122368
62.0,67.75031,-5.750313
125.0,115.462036,9.537964
108.0,98.94333,9.056671
125.0,110.61116,14.38884
109.0,98.16478,10.83522
58.0,45.252407,12.747593
43.0,56.50944,-13.509441
45.0,48.190346,-3.1903458
26.0,29.193613,-3.193613
16.0,30.713913,-14.713913
125.0,125.99081,-0.9908066
125.0,114.531456,10.468544
85.0,106.54813,-21.548126
18.0,11.912748,6.0872517
125.0,124.91799,0.08200836
107.0,116.73619,-9.736191
125.0,116.840614,8.159386
125.0,109.0753,15.924698
82.0,88.225235,-6.225235
125.0,123.24062,1.7593765
18.0,16.019535,1.9804649
4.0,4.863005,-0.86300516
17.0,21.567947,-4.5679474
125.0,117.576355,7.423645
125.0,127.29598,-2.2959824
14.0,8.651573,5.348427
101.0,117.01691,-16.016907
109.0,121.364334,-12.364334
125.0,105.5805,19.419502
85.0,85.56889,-0.56889343
114.0,123.30772,-9.307716
121.0,124.27778,-3.2777786
81.0,64.24501,16.75499
105.0,101.54839,3.4516068
125.0,113.13307,11.866928
15.0,30.03321,-15.033211
67.0,72.48832,-5.4883194
125.0,124.026215,0.9737854
125.0,122.395386,2.6046143
125.0,125.41544,-0.41544342
48.0,116.70752,-68.70752
7.0,18.257484,-11.257484
103.0,113.855965,-10.855965
120.0,113.54745,6.452553
6.0,15.273534,-9.273534
125.0,124.02314,0.97686005
75.0,90.053825,-15.053825
48.0,30.787985,17.212015
125.0,123.45772,1.5422821
125.0,122.027626,2.972374
46.0,74.61547,-28.61547
22.0,40.704987,-18.704987
36.0,52.151676,-16.151676
99.0,92.22792,6.7720795
125.0,103.5997,21.4003
3.0,11.858955,-8.858955
108.0,110.805504,-2.8055038
125.0,115.359,9.640999
125.0,109.33967,15.660332
125.0,125.156494,-0.15649414
66.0,105.334305,-39.334305
125.0,120.09402,4.905983
18.0,23.575905,-5.575905
47.0,109.32313,-62.323128
23.0,31.69626,-8.69626
93.0,104.301956,-11.301956
26.0,47.692852,-21.692852
96.0,64.59793,31.40207
125.0,127.59015,-2.590149
125.0,103.80015,21.199852
113.0,68.018524,44.981476
125.0,117.720116,7.2798843
93.0,112.14057,-19.140572
125.0,125.4065,-0.40650177
125.0,123.704475,1.2955246
38.0,44.767567,-6.7675667
54.0,31.114338,22.885662
68.0,114.13134,-46.13134
6.0,5.997352,0.0026478767
56.0,103.578705,-47.578705
36.0,29.638102,6.3618984
125.0,115.02394,9.976059
23.0,29.738556,-6.738556
53.0,98.02252,-45.022522
73.0,113.27335,-40.273354
23.0,32.07066,-9.07066
42.0,46.966854,-4.966854
7.0,13.981555,-6.981555
46.0,83.24251,-37.242508
81.0,104.22794,-23.227943
125.0,112.361534,12.638466
81.0,102.75985,-21.75985
46.0,37.28435,8.715649
125.0,97.007164,27.992836
125.0,118.97803,6.0219727
125.0,114.282906,10.717094
25.0,33.94384,-8.94384
125.0,124.97111,0.028892517
125.0,105.58239,19.41761
32.0,34.280426,-2.280426
125.0,121.476456,3.5235443
125.0,111.13786,13.862137
125.0,114.60419,10.395813
120.0,113.843056,6.1569443
109.0,112.4562,-3.4561996
125.0,103.395805,21.604195
75.0,97.90025,-22.900253
120.0,114.70289,5.2971115
6.0,15.081756,-9.081756
57.0,79.447784,-22.447784
125.0,118.73508,6.264923
11.0,18.549465,-7.549465
125.0,104.54471,20.455292
114.0,116.724045,-2.7240448
95.0,85.66772,9.332283
48.0,111.634415,-63.634415
125.0,102.610245,22.389755
125.0,105.15396,19.846039
47.0,79.15217,-32.15217
125.0,99.128784,25.871216
121.0,115.566986,5.433014
100.0,75.368614,24.631386
125.0,110.753876,14.246124
39.0,30.305561,8.694439
93.0,118.05903,-25.059029
125.0,124.497894,0.5021057
109.0,95.45467,13.545326
85.0,119.44564,-34.44564
125.0,116.062355,8.937645
33.0,57.58602,-24.586021
125.0,102.899864,22.100136
125.0,123.44016,1.5598373
125.0,113.830956,11.1690445
73.0,88.91311,-15.913109
125.0,124.79385,0.20614624
125.0,122.68475,2.3152466
125.0,118.21837,6.7816315
0.0,-0.10176003,0.10176003
125.0,106.19312,18.806877
28.0,28.691639,-0.69163895
22.0,32.23142,-10.231419
125.0,122.83003,2.1699677
125.0,118.77738,6.222618
64.0,60.271885,3.728115
5.0,5.102474,-0.10247421
125.0,103.48617,21.513832
0.0,-1.7440133,1.7440133
13.0,17.236322,-4.2363224
125.0,123.176414,1.8235855
83.0,108.384056,-25.384056
58.0,109.99303,-51.993027
84.0,117.10858,-33.10858
12.0,23.815971,-11.815971
125.0,109.00196,15.998039
125.0,118.70845,6.2915497
97.0,116.73894,-19.738937
58.0,40.73232,17.267681
125.0,120.77267,4.227333
125.0,107.176346,17.823654
66.0,87.75753,-21.75753
125.0,113.476944,11.523056
60.0,51.381653,8.618347
119.0,104.74007,14.259933
45.0,108.283104,-63.283104
52.0,58.90462,-6.904621
28.0,61.09928,-33.09928
81.0,86.80628,-5.806282
125.0,111.9131,13.086899
33.0,59.055023,-26.055023
124.0,115.52789,8.472107
49.0,94.67379,-45.67379
125.0,118.26213,6.7378693
125.0,125.84159,-0.8415909
125.0,117.4007,7.5992966
115.0,116.35899,-1.3589935
97.0,102.59171,-5.591713
5.0,5.0418863,-0.04188633
77.0,61.60948,15.390518
125.0,91.43503,33.564972
125.0,125.432045,-0.43204498
125.0,84.480286,40.519714
125.0,65.55623,59.44377
78.0,117.32024,-39.320236
125.0,124.81521,0.18479156
125.0,94.41831,30.581688
125.0,110.57767,14.422333
65.0,77.20003,-12.200027
21.0,19.921658,1.0783424
125.0,115.73981,9.260193
125.0,118.90304,6.096962
125.0,119.065254,5.934746
125.0,120.86059,4.139412
122.0,122.60976,-0.60975647
57.0,62.203033,-5.2030334
62.0,62.84035,-0.8403511
125.0,123.403206,1.5967941
9.0,11.350151,-2.350151
6.0,12.089864,-6.089864
52.0,116.23917,-64.23917
71.0,63.450634,7.549366
77.0,112.62873,-35.62873
125.0,92.35662,32.64338
31.0,38.1091,-7.1091003
125.0,121.49993,3.5000687
125.0,116.278366,8.721634
15.0,21.474302,-6.4743023
125.0,120.28221,4.7177887
50.0,43.594,6.405998
113.0,111.69836,1.3016434
125.0,118.47768,6.5223236
125.0,117.10449,7.895508
125.0,117.82555,7.1744537
101.0,64.827805,36.172195
65.0,62.30215,2.6978493
39.0,26.38574,12.61426
20.0,24.675737,-4.6757374
125.0,121.089325,3.910675
125.0,102.76865,22.231354
125.0,122.267075,2.7329254
86.0,72.92325,13.076752
125.0,79.17751,45.822487
125.0,125.02955,-0.029548645
109.0,114.40995,-5.4099503
125.0,119.64086,5.3591385
125.0,99.81341,25.186592
47.0,36.424995,10.575005
116.0,123.382286,-7.382286
125.0,114.42508,10.574921
125.0,114.01223,10.98777
112.0,102.385666,9.614334
116.0,113.37255,2.627449
63.0,113.92656,-50.92656
35.0,29.333551,5.6664486
24.0,31.57109,-7.5710907
122.0,120.823296,1.1767044
96.0,93.4017,2.598297
125.0,101.28328,23.71672
125.0,70.29168,54.70832
25.0,30.04829,-5.0482903
125.0,125.27896,-0.27896118
125.0,120.24809,4.7519073
36.0,36.734253,-0.7342529
71.0,64.04144,6.958557
50.0,42.411514,7.5884857
125.0,123.749016,1.2509842
96.0,113.55255,-17.552551
125.0,111.94728,13.052719
125.0,125.16874,-0.16873932
49.0,62.880978,-13.880978
104.0,110.117096,-6.117096
16.0,22.08062,-6.08062
125.0,126.01829,-1.0182877
125.0,122.1535,2.8464966
50.0,118.71048,-68.71048
87.0,83.99586,3.0041428
125.0,118.17716,6.822838
125.0,70.02706,54.97294
125.0,88.68032,36.31968
92.0,98.6407,-6.6407013
125.0,121.62454,3.3754578
125.0,115.808876,9.191124
9.0,16.054266,-7.054266
79.0,112.85529,-33.855293
58.0,73.69564,-15.695641
73.0,81.41423,-8.41423
125.0,125.90452,-0.9045181
125.0,120.27841,4.721588
98.0,116.00173,-18.001732
125.0,122.7301,2.2698975
29.0,25.217838,3.7821617
65.0,45.87817,19.12183
113.0,112.748474,0.25152588
23.0,28.995785,-5.9957848
94.0,92.83124,1.1687622
125.0,114.241005,10.758995
125.0,115.28142,9.718582
125.0,108.44597,16.554031
125.0,120.27867,4.7213287
120.0,122.08837,-2.0883713
125.0,123.96187,1.0381317
125.0,65.21034,59.789658
67.0,108.86137,-41.861366
125.0,115.867455,9.132545
125.0,115.54045,9.459549
125.0,118.784805,6.2151947
125.0,114.66343,10.336571
77.0,69.07494,7.9250565
102.0,108.48824,-6.488243
125.0,123.45396,1.5460434
125.0,125.0785,-0.07849884
50.0,71.980484,-21.980484
25.0,31.78258,-6.7825794
125.0,116.54371,8.456291
125.0,117.53652,7.463478
109.0,101.60645,7.393547
125.0,98.09307,26.906929
125.0,124.29336,0.70664215
31.0,31.126837,-0.12683678
28.0,44.42184,-16.42184
125.0,124.7549,0.24510193
125.0,106.113655,18.886345
99.0,99.82685,-0.8268509
125.0,109.45305,15.546951
125.0,78.97347,46.026527
125.0,117.14409,7.8559113
125.0,94.03962,30.96038
13.0,17.878025,-4.878025
125.0,102.89639,22.103607
72.0,105.17661,-33.176613
15.0,16.848932,-1.8489323
24.0,25.90496,-1.9049606
125.0,124.17151,0.8284912
125.0,121.99263,3.00737
125.0,116.089714,8.910286
125.0,120.005356,4.994644
125.0,111.81583,13.184174
125.0,97.2155,27.7845
37.0,41.715473,-4.715473
125.0,126.71111,-1.711113
53.0,73.175224,-20.175224
71.0,87.00769,-16.00769
0.0,-2.9811225,2.9811225
98.0,107.27445,-9.274452
3.0,9.687647,-6.687647
95.0,110.108536,-15.108536
54.0,60.6834,-6.683399
125.0,117.25211,7.7478867
68.0,75.59857,-7.598572
111.0,120.56218,-9.56218
86.0,45.805946,40.194054
125.0,121.32773,3.6722717
3.0,4.736267,-1.7362671
125.0,125.178185,-0.17818451
125.0,122.38851,2.6114883
125.0,113.869095,11.130905
81.0,99.90081,-18.90081
16.0,19.957577,-3.9575768
125.0,116.79385,8.206146
107.0,99.72584,7.2741623
125.0,118.83214,6.167862
125.0,125.22784,-0.22783661
28.0,24.773516,3.2264843
111.0,119.06497,-8.064972
71.0,108.217804,-37.217804
123.0,123.32173,-0.32173157
104.0,114.81312,-10.813118
110.0,115.19049,-5.1904907
72.0,117.911575,-45.911575
125.0,124.530685,0.46931458
81.0,109.69937,-28.699371
21.0,31.875834,-10.8758335
26.0,26.4895,-0.48950005
103.0,100.78008,2.2199173
81.0,93.27798,-12.277977
75.0,50.24566,24.754341
125.0,111.94204,13.0579605
28.0,25.905014,2.094986
125.0,126.27843,-1.2784271
125.0,109.50665,15.493347
68.0,107.24716,-39.24716
125.0,93.70036,31.299637
35.0,36.679478,-1.6794777
117.0,114.15286,2.8471375
12.0,19.93442,-7.9344196
70.0,69.24064,0.75936127
44.0,42.893032,1.1069679
108.0,96.38922,11.610779
125.0,124.28185,0.7181473
88.0,77.06664,10.933357
125.0,119.98069,5.01931
125.0,108.66288,16.33712
125.0,117.06857,7.931427
53.0,32.113194,20.886806
125.0,125.5599,-0.5598984
125.0,119.59497,5.4050293
112.0,90.741295,21.258705
55.0,87.33058,-32.33058
125.0,122.71645,2.2835464
125.0,121.6955,3.3044968
125.0,124.865166,0.13483429
125.0,122.76734,2.2326584
125.0,116.355705,8.644295
125.0,119.239525,5.760475
125.0,103.53995,21.460052
110.0,100.73695,9.263046
125.0,120.25151,4.7484894
12.0,14.005493,-2.0054932
47.0,59.148453,-12.148453
80.0,116.69299,-36.692993
125.0,109.82513,15.174873
73.0,63.615448,9.384552
79.0,62.06054,16.93946
125.0,114.56956,10.430443
16.0,20.92421,-4.9242096
125.0,122.81275,2.1872482
21.0,32.988876,-11.988876
124.0,71.64304,52.356956
35.0,23.599915,11.400085
96.0,81.219536,14.780464
125.0,117.53417,7.465828
68.0,119.433685,-51.433685
73.0,66.36364,6.63636
83.0,117.12575,-34.125748
79.0,89.42086,-10.42086
125.0,117.49181,7.5081863
90.0,85.20744,4.792557
94.0,102.294815,-8.294815
125.0,126.09941,-1.099411
93.0,114.35054,-21.35054
26.0,29.693378,-3.6933784
125.0,101.72321,23.276787
125.0,115.74195,9.258049
75.0,118.95008,-43.95008
3.0,7.5419917,-4.5419917
84.0,107.31752,-23.31752
125.0,97.14273,27.85727
125.0,122.871574,2.1284256
87.0,118.334694,-31.334694
89.0,118.37068,-29.370682
18.0,31.191538,-13.191538
5.0,11.300456,-6.300456
102.0,113.1673,-11.167297
63.0,37.213432,25.786568
125.0,125.90587,-0.90586853
125.0,124.787224,0.21277618
54.0,48.018192,5.9818077
77.0,74.67693,2.3230667
37.0,42.544033,-5.544033
125.0,117.00732,7.9926834
125.0,97.60196,27.39804
125.0,125.140564,-0.14056396
83.0,82.385,0.61499786
125.0,101.53514,23.464859
125.0,112.4873,12.512703
29.0,22.996653,6.0033474
78.0,91.3413,-13.341301
125.0,91.87939,33.120613
117.0,117.31948,-0.3194809
7.0,11.757512,-4.757512
125.0,108.42472,16.57528
72.0,90.64516,-18.645157
90.0,111.904205,-21.904205
11.0,15.840877,-4.8408766
125.0,125.27064,-0.2706375
17.0,22.718798,-5.7187977
125.0,113.13049,11.869507
114.0,81.768456,32.231544
115.0,115.05177,-0.05177307
80.0,114.22862,-34.228622
31.0,57.344944,-26.344944
50.0,32.59846,17.401539
125.0,116.20349,8.796509
79.0,110.51503,-31.51503
45.0,113.37033,-68.37033
48.0,45.196964,2.8030357
22.0,36.667496,-14.667496
11.0,22.15178,-11.151779
125.0,125.86764,-0.86763763
125.0,106.30264,18.697357
125.0,121.74813,3.2518692
21.0,20.233225,0.76677513
125.0,117.74787,7.2521286
0.0,2.2100806,-2.2100806
32.0,29.121166,2.8788338
125.0,126.531975,-1.5319748
125.0,116.08912,8.910881
118.0,115.95106,2.0489426
112.0,114.978264,-2.9782639
97.0,100.50724,-3.5072403
40.0,93.49281,-53.492813
28.0,34.42386,-6.4238586
2.0,1.6582906,0.34170938
107.0,115.98221,-8.982208
125.0,119.51097,5.489029
122.0,112.532974,9.467026
125.0,116.744675,8.255325
120.0,115.56274,4.4372635
125.0,119.93538,5.064621
59.0,92.94385,-33.943848
32.0,28.098042,3.9019585
125.0,124.46613,0.5338669
125.0,115.7487,9.251297
125.0,125.68325,-0.6832504
110.0,113.34518,-3.3451767
125.0,93.64274,31.357262
125.0,123.94212,1.0578766
103.0,113.20085,-10.200851
121.0,113.60265,7.3973465
104.0,114.546906,-10.5469055
125.0,113.23745,11.76255
